campaign_id,channel_id,category,channel,budget,spend,tracking_code,campaign_channel_id
10001,605,In-Store,Signage,3200,4000,4NQSPX,10001IN4NQSPX
10001,904,Social,Forum,3900,3588,6FWEOU,10001SO6FWEOU
10002,723,Web,Microsites,2000,2400,7WHGTM,10002WE7WHGTM
10003,303,Direct,Postal Mail,4800,4896,9JUSKL,10003DI9JUSKL
10003,905,Social,Influencer outreach,2100,1995,3XNYND,10003SO3XNYND
10003,112,Advertising,Receipt Code,2400,1968,2KPVTQ,10003AD2KPVTQ
10004,110,Advertising,Product Packaging,4400,3652,9FQMQH,10004AD9FQMQH
10004,906,Social,LinkedIn Group,1400,1288,0BVINK,10004SO0BVINK
10004,903,Social,Facebook Post,700,455,7XSXHQ,10004SO7XSXHQ
10004,110,Advertising,Product Packaging,4400,4620,8XWMMV,10004AD8XWMMV
10005,402,Email,Email Signature,1900,2242,0URYIN,10005EM0URYIN
10005,802,PR,Public Relations,6300,6111,7MBLMQ,10005PR7MBLMQ
10005,303,Direct,Postal Mail,4800,4272,7MWSCD,10005DI7MWSCD
10006,811,Search,PPC,6900,4968,3PTPUV,10006SE3PTPUV
10006,114,Advertising,YouTube Pre-roll,1900,1349,4OPLZH,10006AD4OPLZH
10006,811,Search,PPC,6900,6969,6IPHAL,10006SE6IPHAL
10006,903,Social,Facebook Post,700,742,2JINWT,10006SO2JINWT
10007,104,Advertising,In-game,1400,924,3ILEYQ,10007AD3ILEYQ
10008,604,In-Store,POS displays,5200,3172,7UICSC,10008IN7UICSC
10008,905,Social,Influencer outreach,2100,1953,1OYZUK,10008SO1OYZUK
10009,369,Telephone,Telesales,42200,23210,1JQUIS,10009TE1JQUIS
10009,109,Advertising,Paid Review,1200,864,4FFVET,10009AD4FFVET
10009,904,Social,Forum,3900,3471,5FPLKZ,10009SO5FPLKZ
10010,101,Advertising,Aggregator,700,602,0BNBFV,10010AD0BNBFV
10011,812,Search,SEO,2300,2415,6VRXUF,10011SE6VRXUF
10011,812,Search,SEO,2300,2231,4QSXQZ,10011SE4QSXQZ
10012,110,Advertising,Product Packaging,4400,4796,1BSHRD,10012AD1BSHRD
10013,904,Social,Forum,3900,4173,4YORKP,10013SO4YORKP
10014,401,Email,Email Blast,2800,2436,4PUXFF,10014EM4PUXFF
10014,402,Email,Email Signature,1900,2337,8DPSEA,10014EM8DPSEA
10015,812,Search,SEO,2300,1748,3NNNTK,10015SE3NNNTK
10015,901,Social,Blog,700,581,5MLNXI,10015SO5MLNXI
10016,905,Social,Influencer outreach,2100,1806,3XYLBF,10016SO3XYLBF
10016,909,Social,Twitter account,1800,2412,5LOWZD,10016SO5LOWZD
10016,801,PR,Press Release,4700,4136,2VTXWV,10016PR2VTXWV
10017,204,Content,Report Sponsorship,3600,3888,2UUYJB,10017CO2UUYJB
10017,303,Direct,Postal Mail,4800,3792,3MHKXX,10017DI3MHKXX
10018,205,Content,Research Paper,5900,5959,5MJMSX,10018CO5MJMSX
10019,202,Content,Infographics,2900,2610,8TQRRL,10019CO8TQRRL
10019,909,Social,Twitter account,1800,1764,6HANKI,10019SO6HANKI
10019,107,Advertising,Magazine Ad,4300,4085,6OSFIN,10019AD6OSFIN
10020,909,Social,Twitter account,1800,1854,4DSMGB,10020SO4DSMGB
10020,112,Advertising,Receipt Code,2400,2544,9VUPVZ,10020AD9VUPVZ
10021,902,Social,Facebook Page,2300,2277,3ZZQOU,10021SO3ZZQOU
10022,904,Social,Forum,3900,3432,0TRTVG,10022SO0TRTVG
10023,106,Advertising,LinkedIn Ad,1000,870,7JGVJD,10023AD7JGVJD
10023,721,Web,Amazon Store,2100,1659,7JNVJM,10023WE7JNVJM
10023,303,Direct,Postal Mail,4800,3936,7RQAEW,10023DI7RQAEW
10024,909,Social,Twitter account,1800,2376,9UXFRH,10024SO9UXFRH
10025,812,Search,SEO,2300,1863,9QWXFM,10025SE9QWXFM
10025,203,Content,Presentation,4000,4320,3KFNLO,10025CO3KFNLO
10025,113,Advertising,Sports Sponsorship,54700,79315,3TEWVS,10025AD3TEWVS
10025,906,Social,LinkedIn Group,1400,1162,1BTEFX,10025SO1BTEFX
10025,501,Event,Brand Hijack,28900,22831,5UFAEA,10025EV5UFAEA
10025,369,Telephone,Telesales,42200,20678,7ZGAZO,10025TE7ZGAZO
10026,205,Content,Research Paper,5900,3835,2UNGNT,10026CO2UNGNT
10027,301,Direct,Alliance Marketing,9500,8835,8OJZNK,10027DI8OJZNK
10027,502,Event,Events,64000,41600,3HAOOW,10027EV3HAOOW
10028,801,PR,Press Release,4700,5875,5QOKVU,10028PR5QOKVU
10028,106,Advertising,LinkedIn Ad,1000,900,2QYOIU,10028AD2QYOIU
10029,802,PR,Public Relations,6300,4788,0UECJQ,10029PR0UECJQ
10029,906,Social,LinkedIn Group,1400,1274,6LMVPQ,10029SO6LMVPQ
10030,203,Content,Presentation,4000,4600,0NFNME,10030CO0NFNME
10030,909,Social,Twitter account,1800,2016,8EMVOY,10030SO8EMVOY
10030,206,Content,Video,11700,12402,7STEHG,10030CO7STEHG
10030,301,Direct,Alliance Marketing,9500,9880,3QYRMW,10030DI3QYRMW
10031,604,In-Store,POS displays,5200,6188,4LZPMG,10031IN4LZPMG
10032,812,Search,SEO,2300,1817,0TNUMT,10032SE0TNUMT
10033,721,Web,Amazon Store,2100,2625,6EVIFW,10033WE6EVIFW
10034,203,Content,Presentation,4000,4760,0GUDCH,10034CO0GUDCH
10035,702,Mobile,SMS,3900,4056,4LFSGB,10035MO4LFSGB
10036,908,Social,Twitter,800,744,4YAPTO,10036SO4YAPTO
10037,908,Social,Twitter,800,1040,7IUDVU,10037SO7IUDVU
10038,702,Mobile,SMS,3900,3822,0OIERX,10038MO0OIERX
10038,903,Social,Facebook Post,700,749,1BHGEQ,10038SO1BHGEQ
10039,202,Content,Infographics,2900,2320,7QOFAB,10039CO7QOFAB
10039,401,Email,Email Blast,2800,3584,8TWMZM,10039EM8TWMZM
10039,722,Web,Ebay Store,9500,7980,5SDTMJ,10039WE5SDTMJ
10040,906,Social,LinkedIn Group,1400,1372,6DWUIH,10040SO6DWUIH
10040,723,Web,Microsites,2000,1520,8HNQSO,10040WE8HNQSO
10041,723,Web,Microsites,2000,1880,1MTYYN,10041WE1MTYYN
10041,722,Web,Ebay Store,9500,8360,1YMWLG,10041WE1YMWLG
10042,801,PR,Press Release,4700,4371,5FYEPO,10042PR5FYEPO
10042,723,Web,Microsites,2000,2520,6OJJMD,10042WE6OJJMD
10042,402,Email,Email Signature,1900,969,9UOYEQ,10042EM9UOYEQ
10042,909,Social,Twitter account,1800,1404,7NDKQS,10042SO7NDKQS
10042,811,Search,PPC,6900,6555,4WFONI,10042SE4WFONI
10042,202,Content,Infographics,2900,3016,3GSSJO,10042CO3GSSJO
10043,903,Social,Facebook Post,700,539,0IHZJM,10043SO0IHZJM
10044,802,PR,Public Relations,6300,4158,3UFOMM,10044PR3UFOMM
10045,908,Social,Twitter,800,1040,4ZBUKW,10045SO4ZBUKW
10045,910,Social,Youtube channel,800,744,9KKNAM,10045SO9KKNAM
10045,201,Content,Content marketing,2800,2856,1EVRSS,10045CO1EVRSS
10045,812,Search,SEO,2300,2047,1JPRCN,10045SE1JPRCN
10045,902,Social,Facebook Page,2300,1771,7WCTTF,10045SO7WCTTF
10046,908,Social,Twitter,800,800,9ZVRGE,10046SO9ZVRGE
10047,901,Social,Blog,700,735,6NDNQD,10047SO6NDNQD
10047,202,Content,Infographics,2900,2088,5OGQXY,10047CO5OGQXY
10047,906,Social,LinkedIn Group,1400,1400,2MKOCH,10047SO2MKOCH
10048,114,Advertising,YouTube Pre-roll,1900,2451,7VFTPF,10048AD7VFTPF
10049,901,Social,Blog,700,504,3UNSTI,10049SO3UNSTI
10049,205,Content,Research Paper,5900,6313,5VPWSC,10049CO5VPWSC
10049,109,Advertising,Paid Review,1200,1188,5CRSSZ,10049AD5CRSSZ
10049,907,Social,LinkedIn Post,1400,1624,3NHSNI,10049SO3NHSNI
10049,359,Telephone,Hold Message,2400,2064,5YZOFG,10049TE5YZOFG
10049,401,Email,Email Blast,2800,2016,5HYJUG,10049EM5HYJUG
10050,907,Social,LinkedIn Post,1400,1596,3KHFWC,10050SO3KHFWC
10050,205,Content,Research Paper,5900,5782,3GNMXW,10050CO3GNMXW
10051,902,Social,Facebook Page,2300,2277,5SUALO,10051SO5SUALO
10052,605,In-Store,Signage,3200,3392,9AHVHV,10052IN9AHVHV
10052,905,Social,Influencer outreach,2100,2079,3LOBMG,10052SO3LOBMG
10053,303,Direct,Postal Mail,4800,3024,0ZVFWG,10053DI0ZVFWG
10054,205,Content,Research Paper,5900,5664,7KGZHZ,10054CO7KGZHZ
10055,801,PR,Press Release,4700,4418,3YIUHU,10055PR3YIUHU
10056,206,Content,Video,11700,9828,2JXRWV,10056CO2JXRWV
10056,201,Content,Content marketing,2800,1568,7ODDFP,10056CO7ODDFP
10057,108,Advertising,Mobile Ad,800,824,0RUAWX,10057AD0RUAWX
10058,202,Content,Infographics,2900,2581,2IULJH,10058CO2IULJH
10059,114,Advertising,YouTube Pre-roll,1900,2204,1CATLA,10059AD1CATLA
10060,104,Advertising,In-game,1400,1092,2GEZMQ,10060AD2GEZMQ
10061,303,Direct,Postal Mail,4800,3888,3BLENE,10061DI3BLENE
10061,503,Event,Prizes/Exhibitions,7600,5928,3YLXWB,10061EV3YLXWB
10061,206,Content,Video,11700,15678,4NNELH,10061CO4NNELH
10062,106,Advertising,LinkedIn Ad,1000,1080,8JZLMY,10062AD8JZLMY
10063,603,In-Store,Loyalty card,2700,2403,1YVMIY,10063IN1YVMIY
10063,802,PR,Public Relations,6300,6993,1FLMRW,10063PR1FLMRW
10064,107,Advertising,Magazine Ad,4300,3741,6CDQVI,10064AD6CDQVI
10064,604,In-Store,POS displays,5200,5616,1PSVTF,10064IN1PSVTF
10064,602,In-Store,Kiosk,4000,3760,6MRKGD,10064IN6MRKGD
10065,109,Advertising,Paid Review,1200,1068,4SZTTD,10065AD4SZTTD
10065,302,Direct,Catalogue,24700,26182,6ABSRW,10065DI6ABSRW
10065,905,Social,Influencer outreach,2100,2226,2PSLAU,10065SO2PSLAU
10065,907,Social,LinkedIn Post,1400,1064,8UBQBX,10065SO8UBQBX
10065,904,Social,Forum,3900,3549,2PRYEL,10065SO2PRYEL
10066,105,Advertising,Insert,4400,4972,5UOFIX,10066AD5UOFIX
10066,702,Mobile,SMS,3900,4017,9QFTNO,10066MO9QFTNO
10067,204,Content,Report Sponsorship,3600,2232,7OEEWY,10067CO7OEEWY
10068,721,Web,Amazon Store,2100,2163,8MKMRN,10068WE8MKMRN
10068,722,Web,Ebay Store,9500,10450,2JGVUL,10068WE2JGVUL
10069,359,Telephone,Hold Message,2400,2400,4ZLGIU,10069TE4ZLGIU
10070,601,In-Store,Display,14000,11900,2RZMWB,10070IN2RZMWB
10070,604,In-Store,POS displays,5200,5252,6XOQMY,10070IN6XOQMY
10071,902,Social,Facebook Page,2300,2576,5QSNVJ,10071SO5QSNVJ
10071,702,Mobile,SMS,3900,3471,5ZFZNJ,10071MO5ZFZNJ
10071,605,In-Store,Signage,3200,3872,0TFHJO,10071IN0TFHJO
10071,802,PR,Public Relations,6300,8631,6TLFJL,10071PR6TLFJL
10071,723,Web,Microsites,2000,2300,9LMYXH,10071WE9LMYXH
10071,910,Social,Youtube channel,800,680,2YSTRU,10071SO2YSTRU
10071,812,Search,SEO,2300,2300,5CJATT,10071SE5CJATT
10071,401,Email,Email Blast,2800,1792,7YQLYT,10071EM7YQLYT
10071,908,Social,Twitter,800,864,5BEOFI,10071SO5BEOFI
10071,723,Web,Microsites,2000,2320,1DVWRX,10071WE1DVWRX
10071,901,Social,Blog,700,763,5SJFGK,10071SO5SJFGK
10071,604,In-Store,POS displays,5200,5668,6FWHDZ,10071IN6FWHDZ
10072,401,Email,Email Blast,2800,3276,4NCLZD,10072EM4NCLZD
10072,902,Social,Facebook Page,2300,2737,7XCJAA,10072SO7XCJAA
10072,205,Content,Research Paper,5900,5664,9INICX,10072CO9INICX
10073,605,In-Store,Signage,3200,2080,7HXYYX,10073IN7HXYYX
10073,402,Email,Email Signature,1900,2280,6ZCZFJ,10073EM6ZCZFJ
10074,904,Social,Forum,3900,4095,3QCYDA,10074SO3QCYDA
10075,205,Content,Research Paper,5900,6077,5KXQMG,10075CO5KXQMG
10076,369,Telephone,Telesales,42200,36292,8UEIMF,10076TE8UEIMF
10076,201,Content,Content marketing,2800,1568,0LZXQM,10076CO0LZXQM
10077,501,Event,Brand Hijack,28900,35547,7LNVCN,10077EV7LNVCN
10077,909,Social,Twitter account,1800,1602,7DEHXQ,10077SO7DEHXQ
10078,901,Social,Blog,700,854,1CMMQB,10078SO1CMMQB
10079,603,In-Store,Loyalty card,2700,2781,5UHJWS,10079IN5UHJWS
10079,902,Social,Facebook Page,2300,2714,1ZPWUW,10079SO1ZPWUW
10080,109,Advertising,Paid Review,1200,1284,9PVRJD,10080AD9PVRJD
10080,114,Advertising,YouTube Pre-roll,1900,1748,0ZHUBW,10080AD0ZHUBW
10081,401,Email,Email Blast,2800,2268,8CGKFO,10081EM8CGKFO
10082,721,Web,Amazon Store,2100,2289,5ZWHSN,10082WE5ZWHSN
10083,401,Email,Email Blast,2800,2268,4WRTIO,10083EM4WRTIO
10083,401,Email,Email Blast,2800,3416,1NDRJB,10083EM1NDRJB
10084,402,Email,Email Signature,1900,1938,8TDBLJ,10084EM8TDBLJ
10084,301,Direct,Alliance Marketing,9500,7030,5QMVPB,10084DI5QMVPB
10084,901,Social,Blog,700,686,4DQBKL,10084SO4DQBKL
10084,907,Social,LinkedIn Post,1400,1358,6PEZUD,10084SO6PEZUD
10084,114,Advertising,YouTube Pre-roll,1900,1767,2AOWJC,10084AD2AOWJC
10084,402,Email,Email Signature,1900,1406,4DZKKQ,10084EM4DZKKQ
10085,903,Social,Facebook Post,700,665,6CQBWV,10085SO6CQBWV
10086,401,Email,Email Blast,2800,2492,9DBVHA,10086EM9DBVHA
10086,601,In-Store,Display,14000,9100,9ICTII,10086IN9ICTII
10087,303,Direct,Postal Mail,4800,3312,0NBNBH,10087DI0NBNBH
10088,904,Social,Forum,3900,3705,5FAEIU,10088SO5FAEIU
10089,702,Mobile,SMS,3900,4251,5JJJFM,10089MO5JJJFM
10090,905,Social,Influencer outreach,2100,1848,7FPCQS,10090SO7FPCQS
10090,204,Content,Report Sponsorship,3600,2736,3HUFVC,10090CO3HUFVC
10090,811,Search,PPC,6900,7866,7DMOUZ,10090SE7DMOUZ
10091,502,Event,Events,64000,44800,3DJCMR,10091EV3DJCMR
10091,402,Email,Email Signature,1900,2185,0QSTUJ,10091EM0QSTUJ
10092,910,Social,Youtube channel,800,672,1WEHVO,10092SO1WEHVO
10093,205,Content,Research Paper,5900,5192,1JSCLJ,10093CO1JSCLJ
10093,203,Content,Presentation,4000,4040,2HQXZT,10093CO2HQXZT
10094,908,Social,Twitter,800,720,8MOYLU,10094SO8MOYLU
10095,801,PR,Press Release,4700,2820,5UDJAP,10095PR5UDJAP
10095,902,Social,Facebook Page,2300,1909,9ESJOO,10095SO9ESJOO
10096,902,Social,Facebook Page,2300,2208,5ETJBB,10096SO5ETJBB
10096,401,Email,Email Blast,2800,3500,7JTBAZ,10096EM7JTBAZ
10096,811,Search,PPC,6900,6348,3WHBGG,10096SE3WHBGG
10096,908,Social,Twitter,800,872,1YHJFJ,10096SO1YHJFJ
10096,303,Direct,Postal Mail,4800,4512,4DCXQE,10096DI4DCXQE
10097,304,Direct,Swag,7400,7252,2IOGNV,10097DI2IOGNV
10097,114,Advertising,YouTube Pre-roll,1900,2337,7QPHUK,10097AD7QPHUK
10098,802,PR,Public Relations,6300,6930,0GZJNG,10098PR0GZJNG
10098,205,Content,Research Paper,5900,7198,2VCMOI,10098CO2VCMOI
10098,401,Email,Email Blast,2800,3024,5IEWJF,10098EM5IEWJF
10099,721,Web,Amazon Store,2100,2100,8PTFNJ,10099WE8PTFNJ
10099,359,Telephone,Hold Message,2400,2016,3UISNZ,10099TE3UISNZ
10099,604,In-Store,POS displays,5200,3484,7XNOZY,10099IN7XNOZY
10100,203,Content,Presentation,4000,2640,7CENNW,10100CO7CENNW
10100,359,Telephone,Hold Message,2400,2208,6CIQZN,10100TE6CIQZN
10100,907,Social,LinkedIn Post,1400,1316,1DAZXB,10100SO1DAZXB
10100,503,Event,Prizes/Exhibitions,7600,4788,0QVSXR,10100EV0QVSXR
10101,204,Content,Report Sponsorship,3600,4284,2AELPB,10101CO2AELPB
10102,802,PR,Public Relations,6300,7056,6JIPFC,10102PR6JIPFC
10102,902,Social,Facebook Page,2300,2024,7TFQOM,10102SO7TFQOM
10102,908,Social,Twitter,800,800,4ICLOY,10102SO4ICLOY
10102,201,Content,Content marketing,2800,2296,7KUJXF,10102CO7KUJXF
10102,906,Social,LinkedIn Group,1400,1638,2GIRXF,10102SO2GIRXF
10103,201,Content,Content marketing,2800,3360,3XRSWG,10103CO3XRSWG
10104,204,Content,Report Sponsorship,3600,2700,3BYLCM,10104CO3BYLCM
10105,202,Content,Infographics,2900,3248,3WXMEJ,10105CO3WXMEJ
10105,201,Content,Content marketing,2800,1932,6LSHMV,10105CO6LSHMV
10105,206,Content,Video,11700,7605,1RWDRK,10105CO1RWDRK
10106,303,Direct,Postal Mail,4800,5952,3PZQDM,10106DI3PZQDM
10106,202,Content,Infographics,2900,2262,8SCMVW,10106CO8SCMVW
10107,402,Email,Email Signature,1900,1729,9XJVNC,10107EM9XJVNC
10107,802,PR,Public Relations,6300,6615,1OZURY,10107PR1OZURY
10108,101,Advertising,Aggregator,700,812,7NULKV,10108AD7NULKV
10108,605,In-Store,Signage,3200,1536,7ZEFMU,10108IN7ZEFMU
10109,401,Email,Email Blast,2800,2772,0GYUSW,10109EM0GYUSW
10110,909,Social,Twitter account,1800,1422,4LNEYC,10110SO4LNEYC
10110,723,Web,Microsites,2000,2100,5TXXVA,10110WE5TXXVA
10110,112,Advertising,Receipt Code,2400,1896,0PSRCD,10110AD0PSRCD
10111,206,Content,Video,11700,12636,2QXOAF,10111CO2QXOAF
10111,812,Search,SEO,2300,2093,8HWOSE,10111SE8HWOSE
10111,301,Direct,Alliance Marketing,9500,7695,5NCQVR,10111DI5NCQVR
10111,303,Direct,Postal Mail,4800,6000,0WARED,10111DI0WARED
10111,101,Advertising,Aggregator,700,910,4PAFBN,10111AD4PAFBN
10111,201,Content,Content marketing,2800,3444,8BLXIB,10111CO8BLXIB
10111,812,Search,SEO,2300,2760,4YTNPC,10111SE4YTNPC
10112,905,Social,Influencer outreach,2100,2058,1TUOVX,10112SO1TUOVX
10113,401,Email,Email Blast,2800,3164,6TJMBS,10113EM6TJMBS
10113,801,PR,Press Release,4700,5875,0KIQUI,10113PR0KIQUI
10114,303,Direct,Postal Mail,4800,3792,6VFGNF,10114DI6VFGNF
10114,722,Web,Ebay Store,9500,9215,6BORTD,10114WE6BORTD
10114,802,PR,Public Relations,6300,5544,5MFXIT,10114PR5MFXIT
10115,906,Social,LinkedIn Group,1400,1148,3STFUO,10115SO3STFUO
10116,201,Content,Content marketing,2800,2716,8QNLCW,10116CO8QNLCW
10116,204,Content,Report Sponsorship,3600,3204,3ELVBR,10116CO3ELVBR
10117,605,In-Store,Signage,3200,1664,4YXDAN,10117IN4YXDAN
10118,304,Direct,Swag,7400,7696,7WIDHP,10118DI7WIDHP
10118,101,Advertising,Aggregator,700,784,3WRXJX,10118AD3WRXJX
10119,104,Advertising,In-game,1400,1414,5BNGOC,10119AD5BNGOC
10120,204,Content,Report Sponsorship,3600,4032,5DPCXB,10120CO5DPCXB
10120,402,Email,Email Signature,1900,1273,8KGDSO,10120EM8KGDSO
10120,902,Social,Facebook Page,2300,2484,5MGXLB,10120SO5MGXLB
10120,811,Search,PPC,6900,4347,2WAUKV,10120SE2WAUKV
10121,702,Mobile,SMS,3900,4212,9AZSFB,10121MO9AZSFB
10122,201,Content,Content marketing,2800,2520,2IHOBT,10122CO2IHOBT
10122,702,Mobile,SMS,3900,3354,5RGDWW,10122MO5RGDWW
10123,908,Social,Twitter,800,696,3AWNCV,10123SO3AWNCV
10123,401,Email,Email Blast,2800,3080,7LHEGC,10123EM7LHEGC
10123,701,Mobile,Mobile App,3200,3840,9OXQDS,10123MO9OXQDS
10124,909,Social,Twitter account,1800,1944,3XQGXJ,10124SO3XQGXJ
10125,905,Social,Influencer outreach,2100,1596,8CHBVU,10125SO8CHBVU
10125,205,Content,Research Paper,5900,5192,8SFCNZ,10125CO8SFCNZ
10126,206,Content,Video,11700,11934,2LZWZE,10126CO2LZWZE
10126,304,Direct,Swag,7400,6882,2ILTFI,10126DI2ILTFI
10126,908,Social,Twitter,800,840,6RFPBD,10126SO6RFPBD
10126,107,Advertising,Magazine Ad,4300,4773,4QZOVO,10126AD4QZOVO
10127,304,Direct,Swag,7400,8510,1YULRN,10127DI1YULRN
10127,503,Event,Prizes/Exhibitions,7600,6156,6SHEWZ,10127EV6SHEWZ
10127,906,Social,LinkedIn Group,1400,700,0PQOPV,10127SO0PQOPV
10128,201,Content,Content marketing,2800,2828,1MXHWM,10128CO1MXHWM
10128,204,Content,Report Sponsorship,3600,2808,6KETQP,10128CO6KETQP
10128,906,Social,LinkedIn Group,1400,1344,2DJDZF,10128SO2DJDZF
10128,202,Content,Infographics,2900,2842,6YGICI,10128CO6YGICI
10129,902,Social,Facebook Page,2300,1909,2OXZVW,10129SO2OXZVW
10130,812,Search,SEO,2300,1863,9RAXTB,10130SE9RAXTB
10130,802,PR,Public Relations,6300,8064,7IUJBT,10130PR7IUJBT
10131,802,PR,Public Relations,6300,7560,7VRAXL,10131PR7VRAXL
10131,205,Content,Research Paper,5900,7316,5FNEEE,10131CO5FNEEE
10131,502,Event,Events,64000,39040,7VWSAO,10131EV7VWSAO
10131,203,Content,Presentation,4000,5800,5EXIUO,10131CO5EXIUO
10131,909,Social,Twitter account,1800,1656,5XCCTW,10131SO5XCCTW
10132,903,Social,Facebook Post,700,735,9CDZWC,10132SO9CDZWC
10133,114,Advertising,YouTube Pre-roll,1900,1064,0DZJSD,10133AD0DZJSD
10134,811,Search,PPC,6900,6486,1BHSSP,10134SE1BHSSP
10134,401,Email,Email Blast,2800,2044,5EGLFU,10134EM5EGLFU
10135,359,Telephone,Hold Message,2400,1488,4MCZZG,10135TE4MCZZG
10136,108,Advertising,Mobile Ad,800,672,3SCOZY,10136AD3SCOZY
10136,401,Email,Email Blast,2800,3192,6UJFKG,10136EM6UJFKG
10136,723,Web,Microsites,2000,1740,7NCCLZ,10136WE7NCCLZ
10136,402,Email,Email Signature,1900,1216,8KQXSL,10136EM8KQXSL
10137,203,Content,Presentation,4000,4240,5DNHVV,10137CO5DNHVV
10137,109,Advertising,Paid Review,1200,1176,2AXCET,10137AD2AXCET
10138,109,Advertising,Paid Review,1200,912,1UNGSG,10138AD1UNGSG
10139,106,Advertising,LinkedIn Ad,1000,1020,0XKCWV,10139AD0XKCWV
10139,901,Social,Blog,700,875,6WTPNA,10139SO6WTPNA
10140,108,Advertising,Mobile Ad,800,488,4NRXCB,10140AD4NRXCB
10140,114,Advertising,YouTube Pre-roll,1900,1615,5ECIID,10140AD5ECIID
10140,802,PR,Public Relations,6300,5670,2XMJGG,10140PR2XMJGG
10141,812,Search,SEO,2300,2139,2DAQOV,10141SE2DAQOV
10142,303,Direct,Postal Mail,4800,6192,6SBDKZ,10142DI6SBDKZ
10143,201,Content,Content marketing,2800,2576,7UVHWP,10143CO7UVHWP
10144,901,Social,Blog,700,301,1FLTXO,10144SO1FLTXO
10145,603,In-Store,Loyalty card,2700,2241,1FQPEZ,10145IN1FQPEZ
10146,906,Social,LinkedIn Group,1400,1260,8OODDN,10146SO8OODDN
10147,722,Web,Ebay Store,9500,14725,8XUJRQ,10147WE8XUJRQ
10148,304,Direct,Swag,7400,6068,4CIKEX,10148DI4CIKEX
10149,203,Content,Presentation,4000,2960,6TJZCP,10149CO6TJZCP
10150,114,Advertising,YouTube Pre-roll,1900,1102,4XUWPD,10150AD4XUWPD
10150,802,PR,Public Relations,6300,7182,4QENIT,10150PR4QENIT
10151,111,Advertising,Radio Ad,4100,5002,2ATMHN,10151AD2ATMHN
10151,401,Email,Email Blast,2800,2856,1SQMEO,10151EM1SQMEO
10152,402,Email,Email Signature,1900,1710,4OAADB,10152EM4OAADB
10153,503,Event,Prizes/Exhibitions,7600,9120,8DPDBN,10153EV8DPDBN
10154,812,Search,SEO,2300,1909,3UEMVZ,10154SE3UEMVZ
10154,605,In-Store,Signage,3200,3040,9IYVGK,10154IN9IYVGK
10155,359,Telephone,Hold Message,2400,1944,9CNPTD,10155TE9CNPTD
10155,303,Direct,Postal Mail,4800,5952,0MUKLJ,10155DI0MUKLJ
10156,109,Advertising,Paid Review,1200,960,9XOJBZ,10156AD9XOJBZ
10157,802,PR,Public Relations,6300,5922,6LXIGO,10157PR6LXIGO
10157,604,In-Store,POS displays,5200,3120,3TAOGY,10157IN3TAOGY
10157,722,Web,Ebay Store,9500,10545,4IENGH,10157WE4IENGH
10157,109,Advertising,Paid Review,1200,1068,5QSABW,10157AD5QSABW
10157,206,Content,Video,11700,8307,1MAZEB,10157CO1MAZEB
10158,114,Advertising,YouTube Pre-roll,1900,2014,6EYCLE,10158AD6EYCLE
10159,205,Content,Research Paper,5900,5369,3YHGOH,10159CO3YHGOH
10160,201,Content,Content marketing,2800,2968,0TPZCW,10160CO0TPZCW
10160,105,Advertising,Insert,4400,3608,3ZYSXW,10160AD3ZYSXW
10161,604,In-Store,POS displays,5200,5096,7RSSOI,10161IN7RSSOI
10161,801,PR,Press Release,4700,3337,9JEBZX,10161PR9JEBZX
10161,901,Social,Blog,700,483,7MIOHB,10161SO7MIOHB
10161,802,PR,Public Relations,6300,5796,8BXJZQ,10161PR8BXJZQ
10162,152,TV,Smart TV/Console App,23600,19588,8PXNRB,10162TV8PXNRB
10162,902,Social,Facebook Page,2300,2737,7RNTDV,10162SO7RNTDV
10162,604,In-Store,POS displays,5200,5356,2BHIUU,10162IN2BHIUU
10163,909,Social,Twitter account,1800,1404,7NMCAN,10163SO7NMCAN
10164,112,Advertising,Receipt Code,2400,1440,3IFQVB,10164AD3IFQVB
10164,604,In-Store,POS displays,5200,5564,0HAVYT,10164IN0HAVYT
10165,605,In-Store,Signage,3200,3616,6BAKPU,10165IN6BAKPU
10165,203,Content,Presentation,4000,4960,0ZSCFN,10165CO0ZSCFN
10165,905,Social,Influencer outreach,2100,1533,1KIQOO,10165SO1KIQOO
10165,501,Event,Brand Hijack,28900,17918,3ICDTG,10165EV3ICDTG
10166,107,Advertising,Magazine Ad,4300,3526,1GYDDO,10166AD1GYDDO
10166,603,In-Store,Loyalty card,2700,2592,1XNFQG,10166IN1XNFQG
10167,723,Web,Microsites,2000,2220,7QMEYH,10167WE7QMEYH
10168,901,Social,Blog,700,672,7OBORE,10168SO7OBORE
10169,702,Mobile,SMS,3900,4095,2HUIEQ,10169MO2HUIEQ
10169,721,Web,Amazon Store,2100,2037,6WDYOJ,10169WE6WDYOJ
10169,502,Event,Events,64000,59520,2IAPUO,10169EV2IAPUO
10170,201,Content,Content marketing,2800,2940,7DLWHJ,10170CO7DLWHJ
10171,304,Direct,Swag,7400,6438,1BLWMV,10171DI1BLWMV
10171,905,Social,Influencer outreach,2100,2478,5JSYVK,10171SO5JSYVK
10171,902,Social,Facebook Page,2300,1748,2RIPKV,10171SO2RIPKV
10171,907,Social,LinkedIn Post,1400,826,6MEMIL,10171SO6MEMIL
10171,811,Search,PPC,6900,5520,3QCLLY,10171SE3QCLLY
10171,152,TV,Smart TV/Console App,23600,29264,7YZJHL,10171TV7YZJHL
10172,153,TV,TV advert,4500,4140,5KDKYS,10172TV5KDKYS
10173,908,Social,Twitter,800,848,6FVOQK,10173SO6FVOQK
10173,601,In-Store,Display,14000,13720,7GZOJT,10173IN7GZOJT
10173,202,Content,Infographics,2900,2233,3LJHAF,10173CO3LJHAF
10174,402,Email,Email Signature,1900,1805,1NJBQF,10174EM1NJBQF
10175,108,Advertising,Mobile Ad,800,904,7EBRTI,10175AD7EBRTI
10176,721,Web,Amazon Store,2100,1848,7WEEJN,10176WE7WEEJN
10176,904,Social,Forum,3900,3627,7GMOGO,10176SO7GMOGO
10176,204,Content,Report Sponsorship,3600,3240,9VOSRU,10176CO9VOSRU
10177,722,Web,Ebay Store,9500,8835,0PLVDG,10177WE0PLVDG
10177,605,In-Store,Signage,3200,3264,2RHJRC,10177IN2RHJRC
10177,203,Content,Presentation,4000,3920,5RDDBB,10177CO5RDDBB
10178,108,Advertising,Mobile Ad,800,840,8GCZWP,10178AD8GCZWP
10178,605,In-Store,Signage,3200,1600,6MWCTS,10178IN6MWCTS
10178,109,Advertising,Paid Review,1200,1080,0SYMOB,10178AD0SYMOB
10178,812,Search,SEO,2300,3197,4IOFTH,10178SE4IOFTH
10178,602,In-Store,Kiosk,4000,3640,9SPBXY,10178IN9SPBXY
10179,909,Social,Twitter account,1800,1440,1JJBJS,10179SO1JJBJS
10180,604,In-Store,POS displays,5200,4732,7GPHUP,10180IN7GPHUP
10181,112,Advertising,Receipt Code,2400,2304,7XYRUK,10181AD7XYRUK
10182,201,Content,Content marketing,2800,2716,3QDALH,10182CO3QDALH
10182,502,Event,Events,64000,76160,8EFDBN,10182EV8EFDBN
10182,303,Direct,Postal Mail,4800,4224,5MVIDL,10182DI5MVIDL
10182,903,Social,Facebook Post,700,658,2MLXLA,10182SO2MLXLA
10183,909,Social,Twitter account,1800,1404,8PMRXT,10183SO8PMRXT
10184,901,Social,Blog,700,630,9UZPDL,10184SO9UZPDL
10184,402,Email,Email Signature,1900,2052,6YPRWS,10184EM6YPRWS
10184,811,Search,PPC,6900,6555,8RFGWQ,10184SE8RFGWQ
10184,902,Social,Facebook Page,2300,2001,6MMNCV,10184SO6MMNCV
10185,203,Content,Presentation,4000,2880,2WFXPG,10185CO2WFXPG
10186,304,Direct,Swag,7400,8066,6ZQBVT,10186DI6ZQBVT
10187,909,Social,Twitter account,1800,1980,7UHLDX,10187SO7UHLDX
10187,907,Social,LinkedIn Post,1400,1316,4FNPHE,10187SO4FNPHE
10187,801,PR,Press Release,4700,4371,6FNMGJ,10187PR6FNMGJ
10187,721,Web,Amazon Store,2100,1806,0OKOXA,10187WE0OKOXA
10188,723,Web,Microsites,2000,1260,7GGEOF,10188WE7GGEOF
10189,910,Social,Youtube channel,800,528,1HGTLQ,10189SO1HGTLQ
10189,903,Social,Facebook Post,700,777,1OMKHR,10189SO1OMKHR
10190,801,PR,Press Release,4700,3901,1ZXFZR,10190PR1ZXFZR
10190,304,Direct,Swag,7400,6364,9GKBAJ,10190DI9GKBAJ
10191,151,TV,Program Sponsorship,28400,28968,5MPGRI,10191TV5MPGRI
10191,402,Email,Email Signature,1900,513,3ATNWI,10191EM3ATNWI
10192,301,Direct,Alliance Marketing,9500,7125,2NBNTE,10192DI2NBNTE
10192,603,In-Store,Loyalty card,2700,2835,2KPQCG,10192IN2KPQCG
10193,812,Search,SEO,2300,1886,3VZQMD,10193SE3VZQMD
10193,801,PR,Press Release,4700,3431,4SMWPW,10193PR4SMWPW
10194,101,Advertising,Aggregator,700,588,6SUDSP,10194AD6SUDSP
10194,905,Social,Influencer outreach,2100,945,5NGVBB,10194SO5NGVBB
10194,401,Email,Email Blast,2800,3248,0RZATU,10194EM0RZATU
10194,723,Web,Microsites,2000,2260,4TEBHC,10194WE4TEBHC
10194,304,Direct,Swag,7400,6882,8FGDBI,10194DI8FGDBI
10194,303,Direct,Postal Mail,4800,4848,3YJXSJ,10194DI3YJXSJ
10195,702,Mobile,SMS,3900,3042,0QRNEA,10195MO0QRNEA
10196,109,Advertising,Paid Review,1200,1044,9HYARV,10196AD9HYARV
10197,902,Social,Facebook Page,2300,1955,5ALAOM,10197SO5ALAOM
10198,203,Content,Presentation,4000,4480,6QRUDX,10198CO6QRUDX
10199,908,Social,Twitter,800,904,5PUAKG,10199SO5PUAKG
10200,802,PR,Public Relations,6300,7308,3AJZSS,10200PR3AJZSS
10201,910,Social,Youtube channel,800,880,7UCHKR,10201SO7UCHKR
10201,401,Email,Email Blast,2800,3304,2MVDBD,10201EM2MVDBD
10202,109,Advertising,Paid Review,1200,1548,6DMYKX,10202AD6DMYKX
10202,909,Social,Twitter account,1800,1746,1UXYDW,10202SO1UXYDW
10203,301,Direct,Alliance Marketing,9500,6555,2NVTMT,10203DI2NVTMT
10204,909,Social,Twitter account,1800,1962,7HBIEF,10204SO7HBIEF
10204,901,Social,Blog,700,637,2JSLVT,10204SO2JSLVT
10205,910,Social,Youtube channel,800,752,2PGFIZ,10205SO2PGFIZ
10206,106,Advertising,LinkedIn Ad,1000,740,4LWTIT,10206AD4LWTIT
10206,905,Social,Influencer outreach,2100,2541,7CNELK,10206SO7CNELK
10206,802,PR,Public Relations,6300,6237,1LUCSE,10206PR1LUCSE
10206,108,Advertising,Mobile Ad,800,800,3OAXCQ,10206AD3OAXCQ
10207,113,Advertising,Sports Sponsorship,54700,59076,7LLZFJ,10207AD7LLZFJ
10208,153,TV,TV advert,4500,3600,4HVNQL,10208TV4HVNQL
10208,502,Event,Events,64000,69760,0EHTQO,10208EV0EHTQO
10209,901,Social,Blog,700,721,4LKLSE,10209SO4LKLSE
10209,811,Search,PPC,6900,4347,2AOOIE,10209SE2AOOIE
10209,604,In-Store,POS displays,5200,5148,8XJPTZ,10209IN8XJPTZ
10210,604,In-Store,POS displays,5200,4368,3HGHXO,10210IN3HGHXO
10210,501,Event,Brand Hijack,28900,29478,3IVFJL,10210EV3IVFJL
10211,812,Search,SEO,2300,1426,5JGVSI,10211SE5JGVSI
10211,503,Event,Prizes/Exhibitions,7600,7600,0EPLQY,10211EV0EPLQY
10211,203,Content,Presentation,4000,2840,3LAQZI,10211CO3LAQZI
10212,301,Direct,Alliance Marketing,9500,11305,3YGJNF,10212DI3YGJNF
10213,802,PR,Public Relations,6300,6300,2KUFMB,10213PR2KUFMB
10213,201,Content,Content marketing,2800,3388,3THXAW,10213CO3THXAW
10214,906,Social,LinkedIn Group,1400,1302,6LHTYF,10214SO6LHTYF
10215,721,Web,Amazon Store,2100,2331,8HSCNI,10215WE8HSCNI
10215,112,Advertising,Receipt Code,2400,1464,0EUPAK,10215AD0EUPAK
10215,605,In-Store,Signage,3200,3616,5GRTPA,10215IN5GRTPA
10215,604,In-Store,POS displays,5200,3536,2TNCXN,10215IN2TNCXN
10216,605,In-Store,Signage,3200,3296,3KMVLX,10216IN3KMVLX
10217,905,Social,Influencer outreach,2100,1554,2EYHDX,10217SO2EYHDX
10217,812,Search,SEO,2300,1702,0DFTIR,10217SE0DFTIR
10218,702,Mobile,SMS,3900,3510,9JDGUR,10218MO9JDGUR
10218,702,Mobile,SMS,3900,3471,5PQNET,10218MO5PQNET
10219,114,Advertising,YouTube Pre-roll,1900,2660,5BVNCY,10219AD5BVNCY
10220,204,Content,Report Sponsorship,3600,1980,7ANACU,10220CO7ANACU
10221,904,Social,Forum,3900,2925,3HIPYV,10221SO3HIPYV
10222,903,Social,Facebook Post,700,595,5PLXMY,10222SO5PLXMY
10222,722,Web,Ebay Store,9500,7220,6FRPYQ,10222WE6FRPYQ
10223,301,Direct,Alliance Marketing,9500,8550,7NNIBL,10223DI7NNIBL
10223,111,Advertising,Radio Ad,4100,2911,7PENYT,10223AD7PENYT
10224,801,PR,Press Release,4700,4183,1YCUMH,10224PR1YCUMH
10225,721,Web,Amazon Store,2100,1722,5DYGSZ,10225WE5DYGSZ
10225,114,Advertising,YouTube Pre-roll,1900,1653,8COIZO,10225AD8COIZO
10226,205,Content,Research Paper,5900,6195,3LFKIV,10226CO3LFKIV
10227,904,Social,Forum,3900,3627,8GNBEJ,10227SO8GNBEJ
10227,801,PR,Press Release,4700,2115,4RVFHA,10227PR4RVFHA
10227,301,Direct,Alliance Marketing,9500,10165,0UZKXO,10227DI0UZKXO
10228,907,Social,LinkedIn Post,1400,1638,4IWIMS,10228SO4IWIMS
10229,723,Web,Microsites,2000,1440,9LCIUC,10229WE9LCIUC
10229,302,Direct,Catalogue,24700,33839,3VDKUU,10229DI3VDKUU
10229,101,Advertising,Aggregator,700,539,5PEAWW,10229AD5PEAWW
10229,112,Advertising,Receipt Code,2400,2640,7FYMIB,10229AD7FYMIB
10229,723,Web,Microsites,2000,2200,9CZDHL,10229WE9CZDHL
10229,908,Social,Twitter,800,848,1FDZFN,10229SO1FDZFN
10230,903,Social,Facebook Post,700,476,6FNAHK,10230SO6FNAHK
10230,605,In-Store,Signage,3200,3488,1CMBPO,10230IN1CMBPO
10231,205,Content,Research Paper,5900,6254,0ZNBXD,10231CO0ZNBXD
10231,602,In-Store,Kiosk,4000,2120,7WECCB,10231IN7WECCB
10231,602,In-Store,Kiosk,4000,3240,7YCQRX,10231IN7YCQRX
10232,702,Mobile,SMS,3900,4056,2ZNCDA,10232MO2ZNCDA
10233,205,Content,Research Paper,5900,4661,2KGQFF,10233CO2KGQFF
10234,108,Advertising,Mobile Ad,800,864,6SAKCL,10234AD6SAKCL
10234,202,Content,Infographics,2900,3654,0EWCJJ,10234CO0EWCJJ
10234,802,PR,Public Relations,6300,5166,1VXFKI,10234PR1VXFKI
10234,114,Advertising,YouTube Pre-roll,1900,874,9ZMLGE,10234AD9ZMLGE
10235,104,Advertising,In-game,1400,1078,7ALEPU,10235AD7ALEPU
10235,602,In-Store,Kiosk,4000,3240,9LKCYA,10235IN9LKCYA
10235,502,Event,Events,64000,67200,3AYMON,10235EV3AYMON
10236,112,Advertising,Receipt Code,2400,2544,5ZPEOS,10236AD5ZPEOS
10237,503,Event,Prizes/Exhibitions,7600,7220,6LVASX,10237EV6LVASX
10238,304,Direct,Swag,7400,6660,6CKVSB,10238DI6CKVSB
10238,106,Advertising,LinkedIn Ad,1000,510,2UKZMT,10238AD2UKZMT
10239,101,Advertising,Aggregator,700,588,2NNUCJ,10239AD2NNUCJ
10240,723,Web,Microsites,2000,2360,0SAJXY,10240WE0SAJXY
10240,109,Advertising,Paid Review,1200,1224,4OSVHU,10240AD4OSVHU
10240,107,Advertising,Magazine Ad,4300,4128,0TGNQS,10240AD0TGNQS
10240,602,In-Store,Kiosk,4000,4880,3NBLVY,10240IN3NBLVY
10241,301,Direct,Alliance Marketing,9500,7505,5COCRL,10241DI5COCRL
10242,702,Mobile,SMS,3900,4290,6QJXMM,10242MO6QJXMM
10243,702,Mobile,SMS,3900,4134,2YVQPC,10243MO2YVQPC
10243,304,Direct,Swag,7400,9768,4RXGYJ,10243DI4RXGYJ
10243,909,Social,Twitter account,1800,1800,0FGZPV,10243SO0FGZPV
10244,402,Email,Email Signature,1900,1406,6OWAUC,10244EM6OWAUC
10245,201,Content,Content marketing,2800,2044,6RYBKP,10245CO6RYBKP
10245,304,Direct,Swag,7400,6512,6FVMED,10245DI6FVMED
10246,604,In-Store,POS displays,5200,5096,5LKHDR,10246IN5LKHDR
10247,107,Advertising,Magazine Ad,4300,4429,9XAXZC,10247AD9XAXZC
10248,402,Email,Email Signature,1900,1710,0JEAOB,10248EM0JEAOB
10248,604,In-Store,POS displays,5200,5252,0JPVCG,10248IN0JPVCG
10249,907,Social,LinkedIn Post,1400,1022,0XSWWL,10249SO0XSWWL
10249,202,Content,Infographics,2900,1450,8EYMJS,10249CO8EYMJS
10249,906,Social,LinkedIn Group,1400,2058,7GPYNF,10249SO7GPYNF
10249,901,Social,Blog,700,770,7VMNBF,10249SO7VMNBF
10250,111,Advertising,Radio Ad,4100,3731,6IJHJS,10250AD6IJHJS
10251,905,Social,Influencer outreach,2100,1764,4MWBAO,10251SO4MWBAO
10252,502,Event,Events,64000,75520,6QZMPB,10252EV6QZMPB
10253,604,In-Store,POS displays,5200,5356,7UMWSJ,10253IN7UMWSJ
10254,101,Advertising,Aggregator,700,665,4TDICQ,10254AD4TDICQ
10255,604,In-Store,POS displays,5200,4264,0HLJLX,10255IN0HLJLX
10256,369,Telephone,Telesales,42200,43466,8FKWYY,10256TE8FKWYY
10256,605,In-Store,Signage,3200,3168,9FXWKZ,10256IN9FXWKZ
10256,909,Social,Twitter account,1800,1080,0FHNIA,10256SO0FHNIA
10257,205,Content,Research Paper,5900,6667,4LOOWZ,10257CO4LOOWZ
10257,811,Search,PPC,6900,4968,1LQRHI,10257SE1LQRHI
10258,104,Advertising,In-game,1400,2058,7AWNTQ,10258AD7AWNTQ
10259,906,Social,LinkedIn Group,1400,1456,1KZXSA,10259SO1KZXSA
10259,202,Content,Infographics,2900,2436,0DZZTG,10259CO0DZZTG
10259,106,Advertising,LinkedIn Ad,1000,870,2ORFIU,10259AD2ORFIU
10259,702,Mobile,SMS,3900,2418,8LUQGW,10259MO8LUQGW
10260,904,Social,Forum,3900,3471,3EBZHI,10260SO3EBZHI
10260,205,Content,Research Paper,5900,5782,1NVBBQ,10260CO1NVBBQ
10261,401,Email,Email Blast,2800,3024,0GAYLJ,10261EM0GAYLJ
10261,206,Content,Video,11700,14040,5NVJOC,10261CO5NVJOC
10261,402,Email,Email Signature,1900,1900,4QGOBX,10261EM4QGOBX
10261,151,TV,Program Sponsorship,28400,17892,2KYZYK,10261TV2KYZYK
10262,114,Advertising,YouTube Pre-roll,1900,2223,3PBJTE,10262AD3PBJTE
10262,723,Web,Microsites,2000,2120,2HYRUX,10262WE2HYRUX
10262,204,Content,Report Sponsorship,3600,2952,0IFYDG,10262CO0IFYDG
10262,910,Social,Youtube channel,800,856,2VSNGS,10262SO2VSNGS
10263,112,Advertising,Receipt Code,2400,3072,3PMXUS,10263AD3PMXUS
10263,503,Event,Prizes/Exhibitions,7600,6916,7WPFCI,10263EV7WPFCI
10264,702,Mobile,SMS,3900,3393,7FAMHF,10264MO7FAMHF
10265,201,Content,Content marketing,2800,3108,0CCDIW,10265CO0CCDIW
10265,603,In-Store,Loyalty card,2700,2268,9RRAKH,10265IN9RRAKH
10265,904,Social,Forum,3900,2223,1QOCUB,10265SO1QOCUB
10265,107,Advertising,Magazine Ad,4300,4128,1FYPGO,10265AD1FYPGO
10266,304,Direct,Swag,7400,7548,8UKBYH,10266DI8UKBYH
10267,906,Social,LinkedIn Group,1400,1722,3BMNWE,10267SO3BMNWE
10268,908,Social,Twitter,800,1192,0AJTHW,10268SO0AJTHW
10269,723,Web,Microsites,2000,1860,8LKTXI,10269WE8LKTXI
10270,105,Advertising,Insert,4400,4224,8BKYRW,10270AD8BKYRW
10271,902,Social,Facebook Page,2300,1955,5HVHSE,10271SO5HVHSE
10271,910,Social,Youtube channel,800,680,6EAAAZ,10271SO6EAAAZ
10271,802,PR,Public Relations,6300,6426,0EVVAT,10271PR0EVVAT
10271,102,Advertising,Billboard,9500,10640,5PFYLC,10271AD5PFYLC
10272,905,Social,Influencer outreach,2100,2436,4ISKVE,10272SO4ISKVE
10272,201,Content,Content marketing,2800,3080,3AMNQV,10272CO3AMNQV
10272,901,Social,Blog,700,693,3MXNYZ,10272SO3MXNYZ
10272,302,Direct,Catalogue,24700,37544,3HRYOE,10272DI3HRYOE
10272,201,Content,Content marketing,2800,2520,7ELNPQ,10272CO7ELNPQ
10273,901,Social,Blog,700,490,6PQYIG,10273SO6PQYIG
10273,205,Content,Research Paper,5900,7139,1YEPKT,10273CO1YEPKT
10273,112,Advertising,Receipt Code,2400,1584,3STHTN,10273AD3STHTN
10274,359,Telephone,Hold Message,2400,2568,7FRDPS,10274TE7FRDPS
10275,201,Content,Content marketing,2800,3584,1GIXQU,10275CO1GIXQU
10276,152,TV,Smart TV/Console App,23600,27140,1IXCPN,10276TV1IXCPN
10277,203,Content,Presentation,4000,4800,3BDCHE,10277CO3BDCHE
10277,905,Social,Influencer outreach,2100,1512,7ZRNCX,10277SO7ZRNCX
10278,401,Email,Email Blast,2800,2296,1UQFIK,10278EM1UQFIK
10279,304,Direct,Swag,7400,8066,4EPFRL,10279DI4EPFRL
10279,801,PR,Press Release,4700,4183,3CQEQG,10279PR3CQEQG
10280,503,Event,Prizes/Exhibitions,7600,5472,0PGLBD,10280EV0PGLBD
10281,801,PR,Press Release,4700,3666,2EMBHX,10281PR2EMBHX
10282,205,Content,Research Paper,5900,6726,8DZYKT,10282CO8DZYKT
10282,402,Email,Email Signature,1900,1406,4WVFEM,10282EM4WVFEM
10283,605,In-Store,Signage,3200,3584,0LUZPU,10283IN0LUZPU
10284,151,TV,Program Sponsorship,28400,24140,9GKRCQ,10284TV9GKRCQ
10285,702,Mobile,SMS,3900,4680,5PHUDS,10285MO5PHUDS
10286,102,Advertising,Billboard,9500,9690,0CCVFJ,10286AD0CCVFJ
10286,204,Content,Report Sponsorship,3600,4536,9RSWQO,10286CO9RSWQO
10287,723,Web,Microsites,2000,1420,5GTQHE,10287WE5GTQHE
10287,901,Social,Blog,700,896,6ZNASS,10287SO6ZNASS
10288,204,Content,Report Sponsorship,3600,5184,2SIRSH,10288CO2SIRSH
10288,907,Social,LinkedIn Post,1400,1400,0MBSIP,10288SO0MBSIP
10288,907,Social,LinkedIn Post,1400,1400,2JLEKV,10288SO2JLEKV
10289,203,Content,Presentation,4000,3440,8LKFTC,10289CO8LKFTC
10290,723,Web,Microsites,2000,2480,7RNTFG,10290WE7RNTFG
10290,303,Direct,Postal Mail,4800,3552,5LNVYI,10290DI5LNVYI
10291,204,Content,Report Sponsorship,3600,2844,0TZEJY,10291CO0TZEJY
10292,104,Advertising,In-game,1400,1400,8MVEEN,10292AD8MVEEN
10293,605,In-Store,Signage,3200,3648,6FUHIH,10293IN6FUHIH
10293,107,Advertising,Magazine Ad,4300,4644,8OPRRP,10293AD8OPRRP
10293,202,Content,Infographics,2900,2494,4XYCCS,10293CO4XYCCS
10293,113,Advertising,Sports Sponsorship,54700,60170,0GQOUU,10293AD0GQOUU
10293,702,Mobile,SMS,3900,4368,5NZAXR,10293MO5NZAXR
10294,104,Advertising,In-game,1400,1036,2FXMVG,10294AD2FXMVG
10295,722,Web,Ebay Store,9500,11115,9QYIFT,10295WE9QYIFT
10296,204,Content,Report Sponsorship,3600,3348,5EFUVE,10296CO5EFUVE
10296,901,Social,Blog,700,875,1OCJUV,10296SO1OCJUV
10296,906,Social,LinkedIn Group,1400,1554,0EGHAF,10296SO0EGHAF
10297,812,Search,SEO,2300,3128,7XOUWX,10297SE7XOUWX
10298,206,Content,Video,11700,12051,8YGAAP,10298CO8YGAAP
10298,605,In-Store,Signage,3200,3584,2IOQEX,10298IN2IOQEX
10299,902,Social,Facebook Page,2300,2116,5OLLMP,10299SO5OLLMP
10299,802,PR,Public Relations,6300,7938,9FAIRS,10299PR9FAIRS
10300,109,Advertising,Paid Review,1200,1404,4TALCC,10300AD4TALCC
10301,722,Web,Ebay Store,9500,4750,5WSNPD,10301WE5WSNPD
10301,902,Social,Facebook Page,2300,1771,9HYHYD,10301SO9HYHYD
10302,102,Advertising,Billboard,9500,7885,9QTYUJ,10302AD9QTYUJ
10303,201,Content,Content marketing,2800,2212,0PZSKW,10303CO0PZSKW
10303,907,Social,LinkedIn Post,1400,980,4SZLHC,10303SO4SZLHC
10304,101,Advertising,Aggregator,700,602,3CQAQB,10304AD3CQAQB
10304,205,Content,Research Paper,5900,5664,5CPFRS,10304CO5CPFRS
10305,401,Email,Email Blast,2800,2716,7OLRFF,10305EM7OLRFF
10306,304,Direct,Swag,7400,7326,7VYVTR,10306DI7VYVTR
10307,902,Social,Facebook Page,2300,1840,5UBBTI,10307SO5UBBTI
10308,106,Advertising,LinkedIn Ad,1000,930,4OORTF,10308AD4OORTF
10309,109,Advertising,Paid Review,1200,1236,0MSQWI,10309AD0MSQWI
10310,304,Direct,Swag,7400,8954,7JOYII,10310DI7JOYII
10310,904,Social,Forum,3900,1989,5SUVPL,10310SO5SUVPL
10311,802,PR,Public Relations,6300,6615,0YEEEM,10311PR0YEEEM
10312,901,Social,Blog,700,840,4LECEJ,10312SO4LECEJ
10313,205,Content,Research Paper,5900,5133,9LTDZA,10313CO9LTDZA
10313,106,Advertising,LinkedIn Ad,1000,980,3PFPEP,10313AD3PFPEP
10314,303,Direct,Postal Mail,4800,3408,6DIYNY,10314DI6DIYNY
10315,905,Social,Influencer outreach,2100,2079,8TSYCJ,10315SO8TSYCJ
10316,722,Web,Ebay Store,9500,9120,0TJKDD,10316WE0TJKDD
10316,204,Content,Report Sponsorship,3600,3708,7YQEQK,10316CO7YQEQK
10316,722,Web,Ebay Store,9500,12065,7PDMTM,10316WE7PDMTM
10317,503,Event,Prizes/Exhibitions,7600,6156,5KJMIW,10317EV5KJMIW
10317,901,Social,Blog,700,847,9KPVLM,10317SO9KPVLM
10318,304,Direct,Swag,7400,7030,4MSYFI,10318DI4MSYFI
10318,722,Web,Ebay Store,9500,6745,4TLXHO,10318WE4TLXHO
10319,150,TV,Film/TV product placement,22800,23712,3ZPULP,10319TV3ZPULP
10320,202,Content,Infographics,2900,3480,3WYGMR,10320CO3WYGMR
10320,906,Social,LinkedIn Group,1400,1498,6FKSQT,10320SO6FKSQT
10321,301,Direct,Alliance Marketing,9500,12065,9DBSYH,10321DI9DBSYH
10322,152,TV,Smart TV/Console App,23600,29500,7TNVNV,10322TV7TNVNV
10322,812,Search,SEO,2300,2323,7EERWB,10322SE7EERWB
10322,502,Event,Events,64000,68480,1OXGXI,10322EV1OXGXI
10323,201,Content,Content marketing,2800,1484,8BZSIL,10323CO8BZSIL
10324,304,Direct,Swag,7400,8288,9HWAWX,10324DI9HWAWX
10325,802,PR,Public Relations,6300,3843,4VCPFH,10325PR4VCPFH
10325,901,Social,Blog,700,595,1KKHTX,10325SO1KKHTX
10326,802,PR,Public Relations,6300,6300,8LYHFE,10326PR8LYHFE
10327,905,Social,Influencer outreach,2100,2037,8PDXHA,10327SO8PDXHA
10327,811,Search,PPC,6900,8694,0CSSSP,10327SE0CSSSP
10328,801,PR,Press Release,4700,5828,5LIVEE,10328PR5LIVEE
10328,901,Social,Blog,700,434,6HXFYU,10328SO6HXFYU
10328,603,In-Store,Loyalty card,2700,2403,2RTCST,10328IN2RTCST
10328,205,Content,Research Paper,5900,6018,0XLLDV,10328CO0XLLDV
10329,203,Content,Presentation,4000,4760,9IIHGR,10329CO9IIHGR
10330,101,Advertising,Aggregator,700,637,7CMARB,10330AD7CMARB
10330,204,Content,Report Sponsorship,3600,3636,1RUYUL,10330CO1RUYUL
10330,114,Advertising,YouTube Pre-roll,1900,1900,7ACMNM,10330AD7ACMNM
10330,359,Telephone,Hold Message,2400,2568,9UWNPW,10330TE9UWNPW
10330,701,Mobile,Mobile App,3200,3456,4CHFSA,10330MO4CHFSA
10331,906,Social,LinkedIn Group,1400,1722,5EYALZ,10331SO5EYALZ
10331,402,Email,Email Signature,1900,1843,8UNQMW,10331EM8UNQMW
10331,108,Advertising,Mobile Ad,800,928,2RIGVU,10331AD2RIGVU
10331,604,In-Store,POS displays,5200,7280,4MVOEP,10331IN4MVOEP
10331,205,Content,Research Paper,5900,4602,6CYUYW,10331CO6CYUYW
10332,702,Mobile,SMS,3900,1638,5GCNYJ,10332MO5GCNYJ
10332,906,Social,LinkedIn Group,1400,1904,0PAXTO,10332SO0PAXTO
10333,109,Advertising,Paid Review,1200,1320,9AHXKX,10333AD9AHXKX
10334,204,Content,Report Sponsorship,3600,2664,3RTCTV,10334CO3RTCTV
10334,114,Advertising,YouTube Pre-roll,1900,2527,4WECBG,10334AD4WECBG
10334,901,Social,Blog,700,735,5XFBLZ,10334SO5XFBLZ
10334,904,Social,Forum,3900,5499,0AXSYD,10334SO0AXSYD
10334,204,Content,Report Sponsorship,3600,3960,4FWYLF,10334CO4FWYLF
10335,903,Social,Facebook Post,700,462,3ENYLT,10335SO3ENYLT
10336,205,Content,Research Paper,5900,5192,8WJAAQ,10336CO8WJAAQ
10337,801,PR,Press Release,4700,4559,3IEFOD,10337PR3IEFOD
10338,105,Advertising,Insert,4400,4752,5RPEPJ,10338AD5RPEPJ
10338,302,Direct,Catalogue,24700,18278,0FLOVQ,10338DI0FLOVQ
10339,111,Advertising,Radio Ad,4100,4059,1KKEBG,10339AD1KKEBG
10339,904,Social,Forum,3900,3159,1YLDKA,10339SO1YLDKA
10339,605,In-Store,Signage,3200,3648,7KOLJY,10339IN7KOLJY
10340,303,Direct,Postal Mail,4800,3168,3AUMFJ,10340DI3AUMFJ
10341,907,Social,LinkedIn Post,1400,1610,2BUKJB,10341SO2BUKJB
10341,905,Social,Influencer outreach,2100,2835,2QHCGS,10341SO2QHCGS
10342,802,PR,Public Relations,6300,9576,1RZASO,10342PR1RZASO
10343,108,Advertising,Mobile Ad,800,728,1XGCWW,10343AD1XGCWW
10344,905,Social,Influencer outreach,2100,2793,0ILLVI,10344SO0ILLVI
10345,106,Advertising,LinkedIn Ad,1000,1010,4BDADL,10345AD4BDADL
10346,602,In-Store,Kiosk,4000,3520,7IDJOR,10346IN7IDJOR
10346,109,Advertising,Paid Review,1200,1260,7TAMPM,10346AD7TAMPM
10346,901,Social,Blog,700,952,7ERWWH,10346SO7ERWWH
10346,602,In-Store,Kiosk,4000,2280,7QIMAJ,10346IN7QIMAJ
10346,302,Direct,Catalogue,24700,19513,6ARDJN,10346DI6ARDJN
10346,721,Web,Amazon Store,2100,2772,8YWIJO,10346WE8YWIJO
10346,701,Mobile,Mobile App,3200,2912,1NOKPB,10346MO1NOKPB
10347,904,Social,Forum,3900,4719,2OHFBR,10347SO2OHFBR
10347,150,TV,Film/TV product placement,22800,22116,1THSWD,10347TV1THSWD
10348,205,Content,Research Paper,5900,6490,1XGPBY,10348CO1XGPBY
10348,904,Social,Forum,3900,5733,8ETFAG,10348SO8ETFAG
10349,602,In-Store,Kiosk,4000,3840,1QBMPP,10349IN1QBMPP
10349,204,Content,Report Sponsorship,3600,4356,6EIAMS,10349CO6EIAMS
10350,909,Social,Twitter account,1800,1926,0AJGXA,10350SO0AJGXA
10351,723,Web,Microsites,2000,1460,0DGIZV,10351WE0DGIZV
10352,905,Social,Influencer outreach,2100,2331,1ZHAUC,10352SO1ZHAUC
10352,205,Content,Research Paper,5900,5369,7ZMOLN,10352CO7ZMOLN
10353,201,Content,Content marketing,2800,2884,2RGKCE,10353CO2RGKCE
10353,204,Content,Report Sponsorship,3600,4032,8VKEJG,10353CO8VKEJG
10354,907,Social,LinkedIn Post,1400,1344,6YEBEK,10354SO6YEBEK
10354,402,Email,Email Signature,1900,1957,3MUEHU,10354EM3MUEHU
10354,205,Content,Research Paper,5900,4484,5BDIEG,10354CO5BDIEG
10354,114,Advertising,YouTube Pre-roll,1900,1995,1IQOOS,10354AD1IQOOS
10355,905,Social,Influencer outreach,2100,1239,5YLJNU,10355SO5YLJNU
10356,801,PR,Press Release,4700,4324,9OIOUX,10356PR9OIOUX
10356,906,Social,LinkedIn Group,1400,1008,4ONZHJ,10356SO4ONZHJ
10356,502,Event,Events,64000,76800,4OHNWM,10356EV4OHNWM
10356,201,Content,Content marketing,2800,3248,8IJPGV,10356CO8IJPGV
10356,501,Event,Brand Hijack,28900,22253,5ZTCON,10356EV5ZTCON
10357,702,Mobile,SMS,3900,2574,9VKWXN,10357MO9VKWXN
10357,110,Advertising,Product Packaging,4400,4136,5XLCPX,10357AD5XLCPX
10357,203,Content,Presentation,4000,4000,7VDVCE,10357CO7VDVCE
10358,402,Email,Email Signature,1900,1406,4GHLCV,10358EM4GHLCV
10358,201,Content,Content marketing,2800,2632,2LYDPI,10358CO2LYDPI
10358,359,Telephone,Hold Message,2400,3816,3USBRQ,10358TE3USBRQ
10358,151,TV,Program Sponsorship,28400,22152,8EFDVJ,10358TV8EFDVJ
10359,104,Advertising,In-game,1400,1162,9UTBIC,10359AD9UTBIC
10360,602,In-Store,Kiosk,4000,4080,9KSCOL,10360IN9KSCOL
10360,303,Direct,Postal Mail,4800,5568,8OBOCP,10360DI8OBOCP
10361,603,In-Store,Loyalty card,2700,2619,1VUITW,10361IN1VUITW
10362,503,Event,Prizes/Exhibitions,7600,5700,4MDXVN,10362EV4MDXVN
10362,902,Social,Facebook Page,2300,3151,4BZLAD,10362SO4BZLAD
10362,723,Web,Microsites,2000,1440,8ZMOEU,10362WE8ZMOEU
10363,801,PR,Press Release,4700,5311,6UTSWP,10363PR6UTSWP
10363,202,Content,Infographics,2900,2929,2GVDIH,10363CO2GVDIH
10364,604,In-Store,POS displays,5200,4576,6OYDFF,10364IN6OYDFF
10365,205,Content,Research Paper,5900,3245,3VIQLK,10365CO3VIQLK
10365,702,Mobile,SMS,3900,4563,8OHJMX,10365MO8OHJMX
10366,907,Social,LinkedIn Post,1400,1428,2XEWKL,10366SO2XEWKL
10366,202,Content,Infographics,2900,2813,0CWELB,10366CO0CWELB
10367,204,Content,Report Sponsorship,3600,2808,1KSJTI,10367CO1KSJTI
10368,401,Email,Email Blast,2800,1848,8GFRUS,10368EM8GFRUS
10369,812,Search,SEO,2300,1886,3WQTCS,10369SE3WQTCS
10369,907,Social,LinkedIn Post,1400,1428,4UUWCY,10369SO4UUWCY
10370,604,In-Store,POS displays,5200,5460,1HLQYH,10370IN1HLQYH
10371,811,Search,PPC,6900,6003,1AUIPZ,10371SE1AUIPZ
10371,303,Direct,Postal Mail,4800,5232,6WYITS,10371DI6WYITS
10371,909,Social,Twitter account,1800,1692,4MXQTZ,10371SO4MXQTZ
10372,114,Advertising,YouTube Pre-roll,1900,2356,9DQJXH,10372AD9DQJXH
10373,904,Social,Forum,3900,3354,0ZVYLO,10373SO0ZVYLO
10374,114,Advertising,YouTube Pre-roll,1900,1178,8ZMLFQ,10374AD8ZMLFQ
10374,702,Mobile,SMS,3900,4368,4BTUTZ,10374MO4BTUTZ
10375,602,In-Store,Kiosk,4000,3760,2OMGJB,10375IN2OMGJB
10376,201,Content,Content marketing,2800,2632,0TPFBZ,10376CO0TPFBZ
10376,802,PR,Public Relations,6300,4725,1YJHZR,10376PR1YJHZR
10377,901,Social,Blog,700,763,8WUXGX,10377SO8WUXGX
10377,904,Social,Forum,3900,4095,6XJLTL,10377SO6XJLTL
10377,105,Advertising,Insert,4400,3960,0GTSNW,10377AD0GTSNW
10378,902,Social,Facebook Page,2300,2047,0GATYJ,10378SO0GATYJ
10379,702,Mobile,SMS,3900,3198,7QOFWU,10379MO7QOFWU
10379,402,Email,Email Signature,1900,1957,3EUGSZ,10379EM3EUGSZ
10380,904,Social,Forum,3900,3744,8BPLQE,10380SO8BPLQE
10381,702,Mobile,SMS,3900,3081,8KVMAA,10381MO8KVMAA
10382,102,Advertising,Billboard,9500,7030,7ZCFMW,10382AD7ZCFMW
10383,605,In-Store,Signage,3200,2912,1SWCLY,10383IN1SWCLY
10384,111,Advertising,Radio Ad,4100,3362,0IUFCM,10384AD0IUFCM
10385,904,Social,Forum,3900,3705,8YAMES,10385SO8YAMES
10385,904,Social,Forum,3900,3120,3MSFAT,10385SO3MSFAT
10385,401,Email,Email Blast,2800,2828,8AHTZN,10385EM8AHTZN
10386,811,Search,PPC,6900,5934,9STHSY,10386SE9STHSY
10387,359,Telephone,Hold Message,2400,2040,7DYLXD,10387TE7DYLXD
10387,359,Telephone,Hold Message,2400,2760,7ULKMR,10387TE7ULKMR
10387,401,Email,Email Blast,2800,2436,2NFLVR,10387EM2NFLVR
10387,723,Web,Microsites,2000,1980,0IWEMP,10387WE0IWEMP
10388,909,Social,Twitter account,1800,1548,1KCDZC,10388SO1KCDZC
10388,811,Search,PPC,6900,9798,5HQASZ,10388SE5HQASZ
10389,502,Event,Events,64000,80000,2LQKEN,10389EV2LQKEN
10389,107,Advertising,Magazine Ad,4300,4343,2ABZQO,10389AD2ABZQO
10389,903,Social,Facebook Post,700,651,4SOIXZ,10389SO4SOIXZ
10390,605,In-Store,Signage,3200,3552,0FWCJS,10390IN0FWCJS
10391,369,Telephone,Telesales,42200,48530,0IJKJI,10391TE0IJKJI
10391,702,Mobile,SMS,3900,3354,1FUQXI,10391MO1FUQXI
10391,907,Social,LinkedIn Post,1400,1540,7THROL,10391SO7THROL
10392,801,PR,Press Release,4700,4512,4TWTID,10392PR4TWTID
10392,908,Social,Twitter,800,568,3ZIFTN,10392SO3ZIFTN
10393,106,Advertising,LinkedIn Ad,1000,870,3NJIAD,10393AD3NJIAD
10393,369,Telephone,Telesales,42200,42622,4DHCNP,10393TE4DHCNP
10393,401,Email,Email Blast,2800,2492,4GHGTZ,10393EM4GHGTZ
10393,114,Advertising,YouTube Pre-roll,1900,2679,6GRCTE,10393AD6GRCTE
10394,811,Search,PPC,6900,9177,3QXBKM,10394SE3QXBKM
10394,908,Social,Twitter,800,752,0WRAQS,10394SO0WRAQS
10394,906,Social,LinkedIn Group,1400,1722,8ZLWXC,10394SO8ZLWXC
10395,114,Advertising,YouTube Pre-roll,1900,2033,7NYYKE,10395AD7NYYKE
10395,722,Web,Ebay Store,9500,6650,5QSACK,10395WE5QSACK
10396,401,Email,Email Blast,2800,3164,9KRMRR,10396EM9KRMRR
10397,801,PR,Press Release,4700,5875,3MJNEQ,10397PR3MJNEQ
10398,503,Event,Prizes/Exhibitions,7600,8284,8HUYWV,10398EV8HUYWV
10399,105,Advertising,Insert,4400,4048,4YTAPO,10399AD4YTAPO
10399,201,Content,Content marketing,2800,3276,5ZNKSN,10399CO5ZNKSN
10400,601,In-Store,Display,14000,16800,0QNCTF,10400IN0QNCTF
10401,108,Advertising,Mobile Ad,800,816,8YHRWA,10401AD8YHRWA
10402,304,Direct,Swag,7400,5994,8ELHPJ,10402DI8ELHPJ
10402,303,Direct,Postal Mail,4800,3072,6SEPGL,10402DI6SEPGL
10402,109,Advertising,Paid Review,1200,1056,1PKJDI,10402AD1PKJDI
10403,910,Social,Youtube channel,800,976,5VDMCP,10403SO5VDMCP
10403,359,Telephone,Hold Message,2400,1488,4SGNVK,10403TE4SGNVK
10404,402,Email,Email Signature,1900,1824,2IGDFX,10404EM2IGDFX
10405,904,Social,Forum,3900,3159,9QMBUM,10405SO9QMBUM
10405,721,Web,Amazon Store,2100,2394,6PAVZW,10405WE6PAVZW
10405,303,Direct,Postal Mail,4800,5136,5PCXPA,10405DI5PCXPA
10405,501,Event,Brand Hijack,28900,26010,0XETBS,10405EV0XETBS
10406,103,Advertising,Digital Signage,4600,4738,9ANDIV,10406AD9ANDIV
10406,201,Content,Content marketing,2800,2912,5LCIND,10406CO5LCIND
10406,107,Advertising,Magazine Ad,4300,4300,8WBOJI,10406AD8WBOJI
10407,114,Advertising,YouTube Pre-roll,1900,2242,5IRRQL,10407AD5IRRQL
10408,101,Advertising,Aggregator,700,679,7ULMYM,10408AD7ULMYM
10408,812,Search,SEO,2300,1886,5CWKCR,10408SE5CWKCR
10409,604,In-Store,POS displays,5200,3640,3EDAMU,10409IN3EDAMU
10409,503,Event,Prizes/Exhibitions,7600,5168,6WUAWF,10409EV6WUAWF
10410,106,Advertising,LinkedIn Ad,1000,760,7UMNFD,10410AD7UMNFD
10410,205,Content,Research Paper,5900,6254,1RFKES,10410CO1RFKES
10410,359,Telephone,Hold Message,2400,1872,6ELFPW,10410TE6ELFPW
10411,702,Mobile,SMS,3900,4251,4VWWMN,10411MO4VWWMN
10412,802,PR,Public Relations,6300,4410,6SXNYU,10412PR6SXNYU
10413,112,Advertising,Receipt Code,2400,2688,6ZDIYZ,10413AD6ZDIYZ
10413,204,Content,Report Sponsorship,3600,3708,9GXPEQ,10413CO9GXPEQ
10413,105,Advertising,Insert,4400,5676,3XBCWU,10413AD3XBCWU
10414,908,Social,Twitter,800,560,2BWULI,10414SO2BWULI
10415,369,Telephone,Telesales,42200,47264,9XOKMC,10415TE9XOKMC
10416,812,Search,SEO,2300,2047,0TDILI,10416SE0TDILI
10417,903,Social,Facebook Post,700,889,6HQFIE,10417SO6HQFIE
10417,902,Social,Facebook Page,2300,2070,5BRDFV,10417SO5BRDFV
10418,802,PR,Public Relations,6300,6111,2GPNQT,10418PR2GPNQT
10419,604,In-Store,POS displays,5200,4888,2AYDAD,10419IN2AYDAD
10419,205,Content,Research Paper,5900,3717,5OWIJR,10419CO5OWIJR
10420,359,Telephone,Hold Message,2400,2808,9DUSFV,10420TE9DUSFV
10421,202,Content,Infographics,2900,2494,7FYKSN,10421CO7FYKSN
10421,604,In-Store,POS displays,5200,5408,2ZJZUM,10421IN2ZJZUM
10422,723,Web,Microsites,2000,2040,7BILNS,10422WE7BILNS
10422,909,Social,Twitter account,1800,1404,8HFSZU,10422SO8HFSZU
10423,113,Advertising,Sports Sponsorship,54700,63452,6SPCWY,10423AD6SPCWY
10424,151,TV,Program Sponsorship,28400,24708,6JURCN,10424TV6JURCN
10424,202,Content,Infographics,2900,2726,3VODPW,10424CO3VODPW
10425,801,PR,Press Release,4700,4606,5RHWVO,10425PR5RHWVO
10425,108,Advertising,Mobile Ad,800,504,5PXKUC,10425AD5PXKUC
10426,304,Direct,Swag,7400,8954,8MNQNE,10426DI8MNQNE
10426,906,Social,LinkedIn Group,1400,1162,2PKAPX,10426SO2PKAPX
10427,907,Social,LinkedIn Post,1400,1442,7LEIHK,10427SO7LEIHK
10427,107,Advertising,Magazine Ad,4300,4300,5HMJIM,10427AD5HMJIM
10427,203,Content,Presentation,4000,2320,6QSUZS,10427CO6QSUZS
10428,904,Social,Forum,3900,1872,2VWYMC,10428SO2VWYMC
10429,205,Content,Research Paper,5900,5428,3NHTTO,10429CO3NHTTO
10430,904,Social,Forum,3900,3978,3NCLXZ,10430SO3NCLXZ
10430,605,In-Store,Signage,3200,3136,9GDLFA,10430IN9GDLFA
10430,108,Advertising,Mobile Ad,800,808,5OMZQS,10430AD5OMZQS
10430,901,Social,Blog,700,511,9GZBOH,10430SO9GZBOH
10431,203,Content,Presentation,4000,3360,1BUIJY,10431CO1BUIJY
10431,604,In-Store,POS displays,5200,4108,0XBHPT,10431IN0XBHPT
10431,901,Social,Blog,700,882,8EKWQK,10431SO8EKWQK
10431,303,Direct,Postal Mail,4800,4128,3KCCAX,10431DI3KCCAX
10431,903,Social,Facebook Post,700,742,3HJVZB,10431SO3HJVZB
10432,907,Social,LinkedIn Post,1400,1162,8FEEZG,10432SO8FEEZG
10432,907,Social,LinkedIn Post,1400,1428,2IMRPG,10432SO2IMRPG
10432,721,Web,Amazon Store,2100,2898,6PCSLQ,10432WE6PCSLQ
10433,903,Social,Facebook Post,700,826,2OXVYA,10433SO2OXVYA
10434,909,Social,Twitter account,1800,1566,0DHWZW,10434SO0DHWZW
10434,604,In-Store,POS displays,5200,4056,9UFFHI,10434IN9UFFHI
10435,106,Advertising,LinkedIn Ad,1000,1460,5KKCMH,10435AD5KKCMH
10436,723,Web,Microsites,2000,2360,2KWQWB,10436WE2KWQWB
10436,902,Social,Facebook Page,2300,1748,5EKETH,10436SO5EKETH
10437,204,Content,Report Sponsorship,3600,3960,2GEKQL,10437CO2GEKQL
10437,906,Social,LinkedIn Group,1400,1414,4DFULL,10437SO4DFULL
10437,203,Content,Presentation,4000,3240,1WYZJG,10437CO1WYZJG
10438,206,Content,Video,11700,12285,7EQIXR,10438CO7EQIXR
10439,104,Advertising,In-game,1400,1036,2NRFQZ,10439AD2NRFQZ
10440,303,Direct,Postal Mail,4800,4080,6XVWAA,10440DI6XVWAA
10441,106,Advertising,LinkedIn Ad,1000,1010,7NZJIZ,10441AD7NZJIZ
10441,205,Content,Research Paper,5900,6136,3EEVND,10441CO3EEVND
10442,206,Content,Video,11700,13689,7MODGT,10442CO7MODGT
10442,907,Social,LinkedIn Post,1400,1092,9AECIJ,10442SO9AECIJ
10442,401,Email,Email Blast,2800,3696,5JFMQT,10442EM5JFMQT
10442,503,Event,Prizes/Exhibitions,7600,5092,6CBQHH,10442EV6CBQHH
10442,801,PR,Press Release,4700,6063,0BAWLY,10442PR0BAWLY
10443,304,Direct,Swag,7400,7770,6XTVRW,10443DI6XTVRW
10443,908,Social,Twitter,800,832,8KIKQR,10443SO8KIKQR
10443,106,Advertising,LinkedIn Ad,1000,880,1SVXGM,10443AD1SVXGM
10443,907,Social,LinkedIn Post,1400,1624,0QPYYR,10443SO0QPYYR
10444,903,Social,Facebook Post,700,427,0NREYH,10444SO0NREYH
10445,150,TV,Film/TV product placement,22800,26220,6UPSWP,10445TV6UPSWP
10445,908,Social,Twitter,800,768,3TVSNS,10445SO3TVSNS
10445,401,Email,Email Blast,2800,3108,4KFSEO,10445EM4KFSEO
10445,721,Web,Amazon Store,2100,1974,7IQWHL,10445WE7IQWHL
10446,910,Social,Youtube channel,800,896,8AKAKH,10446SO8AKAKH
10446,107,Advertising,Magazine Ad,4300,4171,7DGTKR,10446AD7DGTKR
10447,605,In-Store,Signage,3200,2720,5CCQKF,10447IN5CCQKF
10448,201,Content,Content marketing,2800,2436,7DFSKJ,10448CO7DFSKJ
10449,723,Web,Microsites,2000,2040,9GHVPX,10449WE9GHVPX
10450,909,Social,Twitter account,1800,1674,8IPIFT,10450SO8IPIFT
10450,303,Direct,Postal Mail,4800,4416,1BCOZN,10450DI1BCOZN
10451,907,Social,LinkedIn Post,1400,1526,7XJDSN,10451SO7XJDSN
10452,101,Advertising,Aggregator,700,728,1KIRAQ,10452AD1KIRAQ
10453,801,PR,Press Release,4700,4277,3FVCDG,10453PR3FVCDG
10453,401,Email,Email Blast,2800,2576,8HPLIP,10453EM8HPLIP
10453,401,Email,Email Blast,2800,3052,3GFIFJ,10453EM3GFIFJ
10454,110,Advertising,Product Packaging,4400,4092,6QUOTZ,10454AD6QUOTZ
10455,303,Direct,Postal Mail,4800,2976,3CYGRA,10455DI3CYGRA
10455,904,Social,Forum,3900,2964,4ABSTG,10455SO4ABSTG
10455,401,Email,Email Blast,2800,2436,7JGMHG,10455EM7JGMHG
10455,151,TV,Program Sponsorship,28400,26696,7APUJT,10455TV7APUJT
10456,109,Advertising,Paid Review,1200,1356,9VLSPM,10456AD9VLSPM
10456,402,Email,Email Signature,1900,988,1ELFPO,10456EM1ELFPO
10456,101,Advertising,Aggregator,700,504,3WFZCE,10456AD3WFZCE
10457,904,Social,Forum,3900,3471,1ZTPNV,10457SO1ZTPNV
10458,114,Advertising,YouTube Pre-roll,1900,2470,3LTRJW,10458AD3LTRJW
10459,910,Social,Youtube channel,800,664,7ZHMKA,10459SO7ZHMKA
10459,721,Web,Amazon Store,2100,1449,7MPJIH,10459WE7MPJIH
10459,201,Content,Content marketing,2800,2688,6AQBSR,10459CO6AQBSR
10459,303,Direct,Postal Mail,4800,4944,5OSKHV,10459DI5OSKHV
10459,153,TV,TV advert,4500,3735,8DKQEX,10459TV8DKQEX
10460,205,Content,Research Paper,5900,6844,9BUSEJ,10460CO9BUSEJ
10460,304,Direct,Swag,7400,7622,4HZVPW,10460DI4HZVPW
10461,204,Content,Report Sponsorship,3600,3348,5GQSWH,10461CO5GQSWH
10461,402,Email,Email Signature,1900,2850,4CEGGS,10461EM4CEGGS
10461,112,Advertising,Receipt Code,2400,2784,5OEZBI,10461AD5OEZBI
10462,303,Direct,Postal Mail,4800,5232,1AJGPK,10462DI1AJGPK
10462,906,Social,LinkedIn Group,1400,1218,9OANBV,10462SO9OANBV
10462,205,Content,Research Paper,5900,5310,3EWIUU,10462CO3EWIUU
10462,702,Mobile,SMS,3900,2145,0ZQXEO,10462MO0ZQXEO
10462,905,Social,Influencer outreach,2100,2268,4XIEJU,10462SO4XIEJU
10462,202,Content,Infographics,2900,3944,2CRVKF,10462CO2CRVKF
10462,369,Telephone,Telesales,42200,30806,0VEYMP,10462TE0VEYMP
10462,203,Content,Presentation,4000,4360,7EZVZT,10462CO7EZVZT
10462,812,Search,SEO,2300,2829,4EJAZG,10462SE4EJAZG
10463,106,Advertising,LinkedIn Ad,1000,1060,9BJYJR,10463AD9BJYJR
10464,906,Social,LinkedIn Group,1400,1260,8QHLDZ,10464SO8QHLDZ
10464,723,Web,Microsites,2000,1760,2DNVNL,10464WE2DNVNL
10465,722,Web,Ebay Store,9500,5035,7OEWBV,10465WE7OEWBV
10465,369,Telephone,Telesales,42200,30806,1UATZL,10465TE1UATZL
10466,402,Email,Email Signature,1900,2223,4PKHZQ,10466EM4PKHZQ
10466,811,Search,PPC,6900,7383,8KGDWN,10466SE8KGDWN
10466,909,Social,Twitter account,1800,1638,5OAKVC,10466SO5OAKVC
10467,603,In-Store,Loyalty card,2700,3186,6SPVTZ,10467IN6SPVTZ
10467,108,Advertising,Mobile Ad,800,480,5UTPNC,10467AD5UTPNC
10467,902,Social,Facebook Page,2300,2139,0VPPAG,10467SO0VPPAG
10467,902,Social,Facebook Page,2300,2070,8ZSKNW,10467SO8ZSKNW
10467,203,Content,Presentation,4000,3080,5SIZLM,10467CO5SIZLM
10467,905,Social,Influencer outreach,2100,2310,3OKSXP,10467SO3OKSXP
10467,114,Advertising,YouTube Pre-roll,1900,1539,7JPUQM,10467AD7JPUQM
10468,304,Direct,Swag,7400,7770,7KDSEB,10468DI7KDSEB
10469,204,Content,Report Sponsorship,3600,3312,7GIKGV,10469CO7GIKGV
10469,910,Social,Youtube channel,800,744,2CPSNJ,10469SO2CPSNJ
10470,812,Search,SEO,2300,1840,5KHESZ,10470SE5KHESZ
10470,901,Social,Blog,700,693,0NCVWR,10470SO0NCVWR
10470,204,Content,Report Sponsorship,3600,3780,2GWCTE,10470CO2GWCTE
10470,910,Social,Youtube channel,800,784,9CAGAF,10470SO9CAGAF
10470,908,Social,Twitter,800,600,9IFBWP,10470SO9IFBWP
10471,206,Content,Video,11700,12051,6TNWHA,10471CO6TNWHA
10471,723,Web,Microsites,2000,1920,1NXPLZ,10471WE1NXPLZ
10472,802,PR,Public Relations,6300,5796,9INNMH,10472PR9INNMH
10473,303,Direct,Postal Mail,4800,2784,5PTMUI,10473DI5PTMUI
10473,201,Content,Content marketing,2800,3332,0FVLON,10473CO0FVLON
10474,902,Social,Facebook Page,2300,1909,7QFEPQ,10474SO7QFEPQ
10475,812,Search,SEO,2300,2070,6UHABY,10475SE6UHABY
10475,109,Advertising,Paid Review,1200,1008,4DKOXW,10475AD4DKOXW
10476,402,Email,Email Signature,1900,1653,3DFTGM,10476EM3DFTGM
10477,205,Content,Research Paper,5900,5900,6CHXVN,10477CO6CHXVN
10478,723,Web,Microsites,2000,2400,1QESQC,10478WE1QESQC
10478,906,Social,LinkedIn Group,1400,1778,4ULKKV,10478SO4ULKKV
10479,101,Advertising,Aggregator,700,679,3ZFKSC,10479AD3ZFKSC
10480,204,Content,Report Sponsorship,3600,2808,1DJSUM,10480CO1DJSUM
10481,907,Social,LinkedIn Post,1400,1358,5THFPZ,10481SO5THFPZ
10482,303,Direct,Postal Mail,4800,4848,1QHPAD,10482DI1QHPAD
10482,112,Advertising,Receipt Code,2400,2472,8FEHCX,10482AD8FEHCX
10483,811,Search,PPC,6900,7797,7OTPXV,10483SE7OTPXV
10483,910,Social,Youtube channel,800,840,7WZAKC,10483SO7WZAKC
10484,104,Advertising,In-game,1400,1372,7YOTAI,10484AD7YOTAI
10485,108,Advertising,Mobile Ad,800,624,1QVDGP,10485AD1QVDGP
10485,369,Telephone,Telesales,42200,45576,6GHXDJ,10485TE6GHXDJ
10486,202,Content,Infographics,2900,3973,8FRSMS,10486CO8FRSMS
10486,901,Social,Blog,700,525,2WAQLD,10486SO2WAQLD
10487,503,Event,Prizes/Exhibitions,7600,6840,2RRRCQ,10487EV2RRRCQ
10488,801,PR,Press Release,4700,5170,7MJQEY,10488PR7MJQEY
10488,802,PR,Public Relations,6300,4977,7ERMQE,10488PR7ERMQE
10488,401,Email,Email Blast,2800,3696,3ELCHQ,10488EM3ELCHQ
10488,359,Telephone,Hold Message,2400,2928,6VYTHY,10488TE6VYTHY
10488,113,Advertising,Sports Sponsorship,54700,44854,8FKPGJ,10488AD8FKPGJ
10489,206,Content,Video,11700,12753,3MCHLC,10489CO3MCHLC
10489,801,PR,Press Release,4700,3478,4ROWGD,10489PR4ROWGD
10490,702,Mobile,SMS,3900,2652,8SRDXH,10490MO8SRDXH
10491,202,Content,Infographics,2900,2726,7LADPD,10491CO7LADPD
10491,302,Direct,Catalogue,24700,18772,6RMENW,10491DI6RMENW
10491,801,PR,Press Release,4700,4230,0QOABK,10491PR0QOABK
10491,909,Social,Twitter account,1800,1476,1FDURZ,10491SO1FDURZ
10492,801,PR,Press Release,4700,4982,0CRVXU,10492PR0CRVXU
10493,304,Direct,Swag,7400,6586,2DJEEH,10493DI2DJEEH
10493,107,Advertising,Magazine Ad,4300,5547,2HRVAT,10493AD2HRVAT
10494,602,In-Store,Kiosk,4000,4000,0NXMIC,10494IN0NXMIC
10495,109,Advertising,Paid Review,1200,1284,8DMAZU,10495AD8DMAZU
10496,902,Social,Facebook Page,2300,1702,0OPEZM,10496SO0OPEZM
10496,303,Direct,Postal Mail,4800,3792,2HLDKJ,10496DI2HLDKJ
10496,901,Social,Blog,700,756,5GMGIR,10496SO5GMGIR
10497,106,Advertising,LinkedIn Ad,1000,980,6LPLGM,10497AD6LPLGM
10497,503,Event,Prizes/Exhibitions,7600,5016,4LVTFX,10497EV4LVTFX
