account_number,account_name,account_type,account_category,period_begin,period_end,balance_amount,account_id,period_id
1100,Cash,Asset,Current,2015/01/01,2015/01/31,506021.42,1,1
1200,Accounts Receivable,Asset,Current,2015/01/01,2015/01/31,1646829.79,2,1
1300,Inventory,Asset,Current,2015/01/01,2015/01/31,2421959.72,3,1
1400,Prepaid Expenses,Asset,Fixed,2015/01/01,2015/01/31,80666.67,4,1
1500,Fixtures and Equipment,Asset,Fixed,2015/01/01,2015/01/31,291202.56,5,1
2100,Accounts Payable,Liability,Current,2015/01/01,2015/01/31,2132677.01,6,1
2700,L/T Debt,Liability,LongTerm,2015/01/01,2015/01/31,986111.11,7,1
3500,Capital,Liability,Capital,2015/01/01,2015/01/31,1827892.04,8,1
4100,Direct Sales,Revenue,Sales,2015/01/01,2015/01/31,1578262.25,9,1
4200,eCommerce Sales,Revenue,Sales,2015/01/01,2015/01/31,2115762.38,10,1
4900,Returns,Revenue,Returns,2015/01/01,2015/01/31,887098.82,11,1
5100,Cost of Goods Sold,Expense,Direct,2015/01/01,2015/01/31,1828008.86,12,1
5200,Inbound Shipping,Expense,Direct,2015/01/01,2015/01/31,53356.66,13,1
5300,Warehouse and DC Costs,Expense,Direct,2015/01/01,2015/01/31,15688.03,14,1
5500,Outbound Shipping,Expense,Direct,2015/01/01,2015/01/31,198560.50,15,1
5900,Inventory Adjustments,Expense,Direct,2015/01/01,2015/01/31,34240.65,16,1
6100,Leased Space,Expense,Indirect,2015/01/01,2015/01/31,13400.00,17,1
7100,Sales Expenses,Expense,Indirect,2015/01/01,2015/01/31,545619.19,18,1
7200,Marketing Expenses,Expense,Indirect,2015/01/01,2015/01/31,257200.24,19,1
7500,G&A Expenses,Expense,Indirect,2015/01/01,2015/01/31,291654.96,20,1
1100,Cash,Asset,Current,2015/02/01,2015/02/28,724369.03,1,2
1200,Accounts Receivable,Asset,Current,2015/02/01,2015/02/28,1477366.77,2,2
1300,Inventory,Asset,Current,2015/02/01,2015/02/28,2446086.23,3,2
1400,Prepaid Expenses,Asset,Fixed,2015/02/01,2015/02/28,73944.44,4,2
1500,Fixtures and Equipment,Asset,Fixed,2015/02/01,2015/02/28,291202.56,5,2
2100,Accounts Payable,Liability,Current,2015/02/01,2015/02/28,2352075.78,6,2
2700,L/T Debt,Liability,LongTerm,2015/02/01,2015/02/28,972415.12,7,2
3500,Capital,Liability,Capital,2015/02/01,2015/02/28,1688478.12,8,2
4100,Direct Sales,Revenue,Sales,2015/02/01,2015/02/28,1642155.79,9,2
4200,eCommerce Sales,Revenue,Sales,2015/02/01,2015/02/28,1999474.64,10,2
4900,Returns,Revenue,Returns,2015/02/01,2015/02/28,560847.33,11,2
5100,Cost of Goods Sold,Expense,Direct,2015/02/01,2015/02/28,1785162.56,12,2
5200,Inbound Shipping,Expense,Direct,2015/02/01,2015/02/28,54504.70,13,2
5300,Warehouse and DC Costs,Expense,Direct,2015/02/01,2015/02/28,17104.27,14,2
5500,Outbound Shipping,Expense,Direct,2015/02/01,2015/02/28,199542.47,15,2
5900,Inventory Adjustments,Expense,Direct,2015/02/01,2015/02/28,34382.33,16,2
6100,Leased Space,Expense,Indirect,2015/02/01,2015/02/28,13400.00,17,2
7100,Sales Expenses,Expense,Indirect,2015/02/01,2015/02/28,552526.55,18,2
7200,Marketing Expenses,Expense,Indirect,2015/02/01,2015/02/28,255188.87,19,2
7500,G&A Expenses,Expense,Indirect,2015/02/01,2015/02/28,308385.25,20,2
1100,Cash,Asset,Current,2015/03/01,2015/03/31,1305980.24,1,3
1200,Accounts Receivable,Asset,Current,2015/03/01,2015/03/31,1504239.00,2,3
1300,Inventory,Asset,Current,2015/03/01,2015/03/31,2459777.37,3,3
1400,Prepaid Expenses,Asset,Fixed,2015/03/01,2015/03/31,67782.41,4,3
1500,Fixtures and Equipment,Asset,Fixed,2015/03/01,2015/03/31,293720.94,5,3
2100,Accounts Payable,Liability,Current,2015/03/01,2015/03/31,2836037.94,6,3
2700,L/T Debt,Liability,LongTerm,2015/03/01,2015/03/31,958909.36,7,3
3500,Capital,Liability,Capital,2015/03/01,2015/03/31,1836552.66,8,3
4100,Direct Sales,Revenue,Sales,2015/03/01,2015/03/31,1861536.39,9,3
4200,eCommerce Sales,Revenue,Sales,2015/03/01,2015/03/31,2044197.22,10,3
4900,Returns,Revenue,Returns,2015/03/01,2015/03/31,364339.79,11,3
5100,Cost of Goods Sold,Expense,Direct,2015/03/01,2015/03/31,1964939.98,12,3
5200,Inbound Shipping,Expense,Direct,2015/03/01,2015/03/31,50976.88,13,3
5300,Warehouse and DC Costs,Expense,Direct,2015/03/01,2015/03/31,18476.51,14,3
5500,Outbound Shipping,Expense,Direct,2015/03/01,2015/03/31,182185.94,15,3
5900,Inventory Adjustments,Expense,Direct,2015/03/01,2015/03/31,33439.29,16,3
6100,Leased Space,Expense,Indirect,2015/03/01,2015/03/31,13400.00,17,3
7100,Sales Expenses,Expense,Indirect,2015/03/01,2015/03/31,578007.09,18,3
7200,Marketing Expenses,Expense,Indirect,2015/03/01,2015/03/31,262399.75,19,3
7500,G&A Expenses,Expense,Indirect,2015/03/01,2015/03/31,289493.86,20,3
1100,Cash,Asset,Current,2015/04/01,2015/04/30,1043798.05,1,4
1200,Accounts Receivable,Asset,Current,2015/04/01,2015/04/30,1560662.03,2,4
1300,Inventory,Asset,Current,2015/04/01,2015/04/30,2368232.24,3,4
1400,Prepaid Expenses,Asset,Fixed,2015/04/01,2015/04/30,62133.87,4,4
1500,Fixtures and Equipment,Asset,Fixed,2015/04/01,2015/04/30,293720.94,5,4
2100,Accounts Payable,Liability,Current,2015/04/01,2015/04/30,2433671.20,6,4
2700,L/T Debt,Liability,LongTerm,2015/04/01,2015/04/30,945591.17,7,4
3500,Capital,Liability,Capital,2015/04/01,2015/04/30,1949284.75,8,4
4100,Direct Sales,Revenue,Sales,2015/04/01,2015/04/30,1937193.18,9,4
4200,eCommerce Sales,Revenue,Sales,2015/04/01,2015/04/30,1979037.54,10,4
4900,Returns,Revenue,Returns,2015/04/01,2015/04/30,394252.98,11,4
5100,Cost of Goods Sold,Expense,Direct,2015/04/01,2015/04/30,1963599.90,12,4
5200,Inbound Shipping,Expense,Direct,2015/04/01,2015/04/30,61214.32,13,4
5300,Warehouse and DC Costs,Expense,Direct,2015/04/01,2015/04/30,15943.52,14,4
5500,Outbound Shipping,Expense,Direct,2015/04/01,2015/04/30,203086.30,15,4
5900,Inventory Adjustments,Expense,Direct,2015/04/01,2015/04/30,33023.99,16,4
6100,Leased Space,Expense,Indirect,2015/04/01,2015/04/30,13400.00,17,4
7100,Sales Expenses,Expense,Indirect,2015/04/01,2015/04/30,551789.76,18,4
7200,Marketing Expenses,Expense,Indirect,2015/04/01,2015/04/30,252207.64,19,4
7500,G&A Expenses,Expense,Indirect,2015/04/01,2015/04/30,314980.23,20,4
1100,Cash,Asset,Current,2015/05/01,2015/05/31,1306582.03,1,5
1200,Accounts Receivable,Asset,Current,2015/05/01,2015/05/31,1544646.75,2,5
1300,Inventory,Asset,Current,2015/05/01,2015/05/31,2374139.54,3,5
1400,Prepaid Expenses,Asset,Fixed,2015/05/01,2015/05/31,56956.05,4,5
1500,Fixtures and Equipment,Asset,Fixed,2015/05/01,2015/05/31,300990.07,5,5
2100,Accounts Payable,Liability,Current,2015/05/01,2015/05/31,2589868.75,6,5
2700,L/T Debt,Liability,LongTerm,2015/05/01,2015/05/31,932457.96,7,5
3500,Capital,Liability,Capital,2015/05/01,2015/05/31,2060987.74,8,5
4100,Direct Sales,Revenue,Sales,2015/05/01,2015/05/31,1816242.32,9,5
4200,eCommerce Sales,Revenue,Sales,2015/05/01,2015/05/31,2014526.46,10,5
4900,Returns,Revenue,Returns,2015/05/01,2015/05/31,401167.23,11,5
5100,Cost of Goods Sold,Expense,Direct,2015/05/01,2015/05/31,1889118.61,12,5
5200,Inbound Shipping,Expense,Direct,2015/05/01,2015/05/31,55475.50,13,5
5300,Warehouse and DC Costs,Expense,Direct,2015/05/01,2015/05/31,18340.95,14,5
5500,Outbound Shipping,Expense,Direct,2015/05/01,2015/05/31,173695.48,15,5
5900,Inventory Adjustments,Expense,Direct,2015/05/01,2015/05/31,36609.18,16,5
6100,Leased Space,Expense,Indirect,2015/05/01,2015/05/31,13400.00,17,5
7100,Sales Expenses,Expense,Indirect,2015/05/01,2015/05/31,564639.21,18,5
7200,Marketing Expenses,Expense,Indirect,2015/05/01,2015/05/31,252790.82,19,5
7500,G&A Expenses,Expense,Indirect,2015/05/01,2015/05/31,313828.80,20,5
1100,Cash,Asset,Current,2015/06/01,2015/06/30,1120756.50,1,6
1200,Accounts Receivable,Asset,Current,2015/06/01,2015/06/30,1441039.10,2,6
1300,Inventory,Asset,Current,2015/06/01,2015/06/30,2313919.26,3,6
1400,Prepaid Expenses,Asset,Fixed,2015/06/01,2015/06/30,97631.89,4,6
1500,Fixtures and Equipment,Asset,Fixed,2015/06/01,2015/06/30,300990.07,5,6
2100,Accounts Payable,Liability,Current,2015/06/01,2015/06/30,2276853.99,6,6
2700,L/T Debt,Liability,LongTerm,2015/06/01,2015/06/30,919507.16,7,6
3500,Capital,Liability,Capital,2015/06/01,2015/06/30,2077975.67,8,6
4100,Direct Sales,Revenue,Sales,2015/06/01,2015/06/30,1582879.12,9,6
4200,eCommerce Sales,Revenue,Sales,2015/06/01,2015/06/30,2059305.38,10,6
4900,Returns,Revenue,Returns,2015/06/01,2015/06/30,381348.40,11,6
5100,Cost of Goods Sold,Expense,Direct,2015/06/01,2015/06/30,1811646.43,12,6
5200,Inbound Shipping,Expense,Direct,2015/06/01,2015/06/30,50298.92,13,6
5300,Warehouse and DC Costs,Expense,Direct,2015/06/01,2015/06/30,17987.30,14,6
5500,Outbound Shipping,Expense,Direct,2015/06/01,2015/06/30,199973.22,15,6
5900,Inventory Adjustments,Expense,Direct,2015/06/01,2015/06/30,32110.89,16,6
6100,Leased Space,Expense,Indirect,2015/06/01,2015/06/30,13400.00,17,6
7100,Sales Expenses,Expense,Indirect,2015/06/01,2015/06/30,543901.16,18,6
7200,Marketing Expenses,Expense,Indirect,2015/06/01,2015/06/30,255628.61,19,6
7500,G&A Expenses,Expense,Indirect,2015/06/01,2015/06/30,318901.65,20,6
1100,Cash,Asset,Current,2015/07/01,2015/07/31,1702823.11,1,7
1200,Accounts Receivable,Asset,Current,2015/07/01,2015/07/31,1525343.51,2,7
1300,Inventory,Asset,Current,2015/07/01,2015/07/31,2526345.05,3,7
1400,Prepaid Expenses,Asset,Fixed,2015/07/01,2015/07/31,89495.90,4,7
1500,Fixtures and Equipment,Asset,Fixed,2015/07/01,2015/07/31,305725.71,5,7
2100,Accounts Payable,Liability,Current,2015/07/01,2015/07/31,3102584.38,6,7
2700,L/T Debt,Liability,LongTerm,2015/07/01,2015/07/31,906736.22,7,7
3500,Capital,Liability,Capital,2015/07/01,2015/07/31,2140412.67,8,7
4100,Direct Sales,Revenue,Sales,2015/07/01,2015/07/31,1600340.82,9,7
4200,eCommerce Sales,Revenue,Sales,2015/07/01,2015/07/31,2151305.34,10,7
4900,Returns,Revenue,Returns,2015/07/01,2015/07/31,364612.56,11,7
5100,Cost of Goods Sold,Expense,Direct,2015/07/01,2015/07/31,1902972.65,12,7
5200,Inbound Shipping,Expense,Direct,2015/07/01,2015/07/31,54747.78,13,7
5300,Warehouse and DC Costs,Expense,Direct,2015/07/01,2015/07/31,17429.10,14,7
5500,Outbound Shipping,Expense,Direct,2015/07/01,2015/07/31,169067.60,15,7
5900,Inventory Adjustments,Expense,Direct,2015/07/01,2015/07/31,36216.40,16,7
6100,Leased Space,Expense,Indirect,2015/07/01,2015/07/31,13400.00,17,7
7100,Sales Expenses,Expense,Indirect,2015/07/01,2015/07/31,543168.98,18,7
7200,Marketing Expenses,Expense,Indirect,2015/07/01,2015/07/31,266568.61,19,7
7500,G&A Expenses,Expense,Indirect,2015/07/01,2015/07/31,321025.47,20,7
1100,Cash,Asset,Current,2015/08/01,2015/08/31,926122.71,1,8
1200,Accounts Receivable,Asset,Current,2015/08/01,2015/08/31,1632592.47,2,8
1300,Inventory,Asset,Current,2015/08/01,2015/08/31,2655607.28,3,8
1400,Prepaid Expenses,Asset,Fixed,2015/08/01,2015/08/31,82037.91,4,8
1500,Fixtures and Equipment,Asset,Fixed,2015/08/01,2015/08/31,305725.71,5,8
2100,Accounts Payable,Liability,Current,2015/08/01,2015/08/31,2463437.45,6,8
2700,L/T Debt,Liability,LongTerm,2015/08/01,2015/08/31,894142.67,7,8
3500,Capital,Liability,Capital,2015/08/01,2015/08/31,2244505.95,8,8
4100,Direct Sales,Revenue,Sales,2015/08/01,2015/08/31,1880534.50,9,8
4200,eCommerce Sales,Revenue,Sales,2015/08/01,2015/08/31,2194927.02,10,8
4900,Returns,Revenue,Returns,2015/08/01,2015/08/31,371857.51,11,8
5100,Cost of Goods Sold,Expense,Direct,2015/08/01,2015/08/31,2110226.36,12,8
5200,Inbound Shipping,Expense,Direct,2015/08/01,2015/08/31,57646.83,13,8
5300,Warehouse and DC Costs,Expense,Direct,2015/08/01,2015/08/31,17661.10,14,8
5500,Outbound Shipping,Expense,Direct,2015/08/01,2015/08/31,212224.23,15,8
5900,Inventory Adjustments,Expense,Direct,2015/08/01,2015/08/31,37844.03,16,8
6100,Leased Space,Expense,Indirect,2015/08/01,2015/08/31,13400.00,17,8
7100,Sales Expenses,Expense,Indirect,2015/08/01,2015/08/31,564486.18,18,8
7200,Marketing Expenses,Expense,Indirect,2015/08/01,2015/08/31,267161.51,19,8
7500,G&A Expenses,Expense,Indirect,2015/08/01,2015/08/31,318860.47,20,8
1100,Cash,Asset,Current,2015/09/01,2015/09/30,870296.80,1,9
1200,Accounts Receivable,Asset,Current,2015/09/01,2015/09/30,1645995.92,2,9
1300,Inventory,Asset,Current,2015/09/01,2015/09/30,2909631.90,3,9
1400,Prepaid Expenses,Asset,Fixed,2015/09/01,2015/09/30,75201.41,4,9
1500,Fixtures and Equipment,Asset,Fixed,2015/09/01,2015/09/30,305725.71,5,9
2100,Accounts Payable,Liability,Current,2015/09/01,2015/09/30,2651130.98,6,9
2700,L/T Debt,Liability,LongTerm,2015/09/01,2015/09/30,881724.02,7,9
3500,Capital,Liability,Capital,2015/09/01,2015/09/30,2273996.75,8,9
4100,Direct Sales,Revenue,Sales,2015/09/01,2015/09/30,1780948.67,9,9
4200,eCommerce Sales,Revenue,Sales,2015/09/01,2015/09/30,2233205.24,10,9
4900,Returns,Revenue,Returns,2015/09/01,2015/09/30,414862.47,11,9
5100,Cost of Goods Sold,Expense,Direct,2015/09/01,2015/09/30,2085208.60,12,9
5200,Inbound Shipping,Expense,Direct,2015/09/01,2015/09/30,55203.18,13,9
5300,Warehouse and DC Costs,Expense,Direct,2015/09/01,2015/09/30,18712.47,14,9
5500,Outbound Shipping,Expense,Direct,2015/09/01,2015/09/30,196781.07,15,9
5900,Inventory Adjustments,Expense,Direct,2015/09/01,2015/09/30,38646.64,16,9
6100,Leased Space,Expense,Indirect,2015/09/01,2015/09/30,13400.00,17,9
7100,Sales Expenses,Expense,Indirect,2015/09/01,2015/09/30,578793.24,18,9
7200,Marketing Expenses,Expense,Indirect,2015/09/01,2015/09/30,269194.62,19,9
7500,G&A Expenses,Expense,Indirect,2015/09/01,2015/09/30,313860.82,20,9
1100,Cash,Asset,Current,2015/10/01,2015/10/31,853814.74,1,10
1200,Accounts Receivable,Asset,Current,2015/10/01,2015/10/31,1684241.77,2,10
1300,Inventory,Asset,Current,2015/10/01,2015/10/31,3646650.32,3,10
1400,Prepaid Expenses,Asset,Fixed,2015/10/01,2015/10/31,68934.63,4,10
1500,Fixtures and Equipment,Asset,Fixed,2015/10/01,2015/10/31,305725.71,5,10
2100,Accounts Payable,Liability,Current,2015/10/01,2015/10/31,3212900.18,6,10
2700,L/T Debt,Liability,LongTerm,2015/10/01,2015/10/31,869477.85,7,10
3500,Capital,Liability,Capital,2015/10/01,2015/10/31,2476989.14,8,10
4100,Direct Sales,Revenue,Sales,2015/10/01,2015/10/31,1913765.76,9,10
4200,eCommerce Sales,Revenue,Sales,2015/10/01,2015/10/31,2381523.08,10,10
4900,Returns,Revenue,Returns,2015/10/01,2015/10/31,392730.03,11,10
5100,Cost of Goods Sold,Expense,Direct,2015/10/01,2015/10/31,2183799.92,12,10
5200,Inbound Shipping,Expense,Direct,2015/10/01,2015/10/31,62818.35,13,10
5300,Warehouse and DC Costs,Expense,Direct,2015/10/01,2015/10/31,24555.53,14,10
5500,Outbound Shipping,Expense,Direct,2015/10/01,2015/10/31,198661.35,15,10
5900,Inventory Adjustments,Expense,Direct,2015/10/01,2015/10/31,51037.88,16,10
6100,Leased Space,Expense,Indirect,2015/10/01,2015/10/31,13400.00,17,10
7100,Sales Expenses,Expense,Indirect,2015/10/01,2015/10/31,572354.79,18,10
7200,Marketing Expenses,Expense,Indirect,2015/10/01,2015/10/31,280613.05,19,10
7500,G&A Expenses,Expense,Indirect,2015/10/01,2015/10/31,312325.56,20,10
1100,Cash,Asset,Current,2015/11/01,2015/11/30,782222.87,1,11
1200,Accounts Receivable,Asset,Current,2015/11/01,2015/11/30,2012545.44,2,11
1300,Inventory,Asset,Current,2015/11/01,2015/11/30,3840367.57,3,11
1400,Prepaid Expenses,Asset,Fixed,2015/11/01,2015/11/30,63190.08,4,11
1500,Fixtures and Equipment,Asset,Fixed,2015/11/01,2015/11/30,308261.72,5,11
2100,Accounts Payable,Liability,Current,2015/11/01,2015/11/30,3244549.26,6,11
2700,L/T Debt,Liability,LongTerm,2015/11/01,2015/11/30,857401.77,7,11
3500,Capital,Liability,Capital,2015/11/01,2015/11/30,2904636.65,8,11
4100,Direct Sales,Revenue,Sales,2015/11/01,2015/11/30,2375439.65,9,11
4200,eCommerce Sales,Revenue,Sales,2015/11/01,2015/11/30,2819816.12,10,11
4900,Returns,Revenue,Returns,2015/11/01,2015/11/30,435034.29,11,11
5100,Cost of Goods Sold,Expense,Direct,2015/11/01,2015/11/30,2669120.33,12,11
5200,Inbound Shipping,Expense,Direct,2015/11/01,2015/11/30,82968.89,13,11
5300,Warehouse and DC Costs,Expense,Direct,2015/11/01,2015/11/30,29322.74,14,11
5500,Outbound Shipping,Expense,Direct,2015/11/01,2015/11/30,274426.14,15,11
5900,Inventory Adjustments,Expense,Direct,2015/11/01,2015/11/30,51116.60,16,11
6100,Leased Space,Expense,Indirect,2015/11/01,2015/11/30,13400.00,17,11
7100,Sales Expenses,Expense,Indirect,2015/11/01,2015/11/30,612213.26,18,11
7200,Marketing Expenses,Expense,Indirect,2015/11/01,2015/11/30,281335.87,19,11
7500,G&A Expenses,Expense,Indirect,2015/11/01,2015/11/30,318670.13,20,11
1100,Cash,Asset,Current,2015/12/01,2015/12/31,1651832.07,1,12
1200,Accounts Receivable,Asset,Current,2015/12/01,2015/12/31,2734879.70,2,12
1300,Inventory,Asset,Current,2015/12/01,2015/12/31,2715793.98,3,12
1400,Prepaid Expenses,Asset,Fixed,2015/12/01,2015/12/31,143518.48,4,12
1500,Fixtures and Equipment,Asset,Fixed,2015/12/01,2015/12/31,308261.72,5,12
2100,Accounts Payable,Liability,Current,2015/12/01,2015/12/31,2639375.37,6,12
2700,L/T Debt,Liability,LongTerm,2015/12/01,2015/12/31,845493.41,7,12
3500,Capital,Liability,Capital,2015/12/01,2015/12/31,4069417.16,8,12
4100,Direct Sales,Revenue,Sales,2015/12/01,2015/12/31,3626634.68,9,12
4200,eCommerce Sales,Revenue,Sales,2015/12/01,2015/12/31,3620819.69,10,12
4900,Returns,Revenue,Returns,2015/12/01,2015/12/31,517185.98,11,12
5100,Cost of Goods Sold,Expense,Direct,2015/12/01,2015/12/31,3763948.97,12,12
5200,Inbound Shipping,Expense,Direct,2015/12/01,2015/12/31,105076.98,13,12
5300,Warehouse and DC Costs,Expense,Direct,2015/12/01,2015/12/31,17529.76,14,12
5500,Outbound Shipping,Expense,Direct,2015/12/01,2015/12/31,370773.47,15,12
5900,Inventory Adjustments,Expense,Direct,2015/12/01,2015/12/31,40638.00,16,12
6100,Leased Space,Expense,Indirect,2015/12/01,2015/12/31,13400.00,17,12
7100,Sales Expenses,Expense,Indirect,2015/12/01,2015/12/31,655554.59,18,12
7200,Marketing Expenses,Expense,Indirect,2015/12/01,2015/12/31,287281.51,19,12
7500,G&A Expenses,Expense,Indirect,2015/12/01,2015/12/31,311284.59,20,12
1100,Cash,Asset,Current,2016/01/01,2016/01/31,2153363.66,1,13
1200,Accounts Receivable,Asset,Current,2016/01/01,2016/01/31,2174567.47,2,13
1300,Inventory,Asset,Current,2016/01/01,2016/01/31,2519441.31,3,13
1400,Prepaid Expenses,Asset,Fixed,2016/01/01,2016/01/31,131558.61,4,13
1500,Fixtures and Equipment,Asset,Fixed,2016/01/01,2016/01/31,308500.71,5,13
2100,Accounts Payable,Liability,Current,2016/01/01,2016/01/31,2675120.51,6,13
2700,L/T Debt,Liability,LongTerm,2016/01/01,2016/01/31,833750.45,7,13
3500,Capital,Liability,Capital,2016/01/01,2016/01/31,3778560.80,8,13
4100,Direct Sales,Revenue,Sales,2016/01/01,2016/01/31,2329516.94,9,13
4200,eCommerce Sales,Revenue,Sales,2016/01/01,2016/01/31,2671187.12,10,13
4900,Returns,Revenue,Returns,2016/01/01,2016/01/31,1035144.92,11,13
5100,Cost of Goods Sold,Expense,Direct,2016/01/01,2016/01/31,2628280.40,12,13
5200,Inbound Shipping,Expense,Direct,2016/01/01,2016/01/31,77321.60,13,13
5300,Warehouse and DC Costs,Expense,Direct,2016/01/01,2016/01/31,17387.10,14,13
5500,Outbound Shipping,Expense,Direct,2016/01/01,2016/01/31,253942.59,15,13
5900,Inventory Adjustments,Expense,Direct,2016/01/01,2016/01/31,35921.70,16,13
6100,Leased Space,Expense,Indirect,2016/01/01,2016/01/31,13400.00,17,13
7100,Sales Expenses,Expense,Indirect,2016/01/01,2016/01/31,600323.37,18,13
7200,Marketing Expenses,Expense,Indirect,2016/01/01,2016/01/31,293696.65,19,13
7500,G&A Expenses,Expense,Indirect,2016/01/01,2016/01/31,336142.08,20,13
1100,Cash,Asset,Current,2016/02/01,2016/02/29,2971839.10,1,14
1200,Accounts Receivable,Asset,Current,2016/02/01,2016/02/29,1968422.82,2,14
1300,Inventory,Asset,Current,2016/02/01,2016/02/29,2532934.83,3,14
1400,Prepaid Expenses,Asset,Fixed,2016/02/01,2016/02/29,120595.39,4,14
1500,Fixtures and Equipment,Asset,Fixed,2016/02/01,2016/02/29,311368.81,5,14
2100,Accounts Payable,Liability,Current,2016/02/01,2016/02/29,3275991.69,6,14
2700,L/T Debt,Liability,LongTerm,2016/02/01,2016/02/29,822170.58,7,14
3500,Capital,Liability,Capital,2016/02/01,2016/02/29,3806998.68,8,14
4100,Direct Sales,Revenue,Sales,2016/02/01,2016/02/29,2298822.36,9,14
4200,eCommerce Sales,Revenue,Sales,2016/02/01,2016/02/29,2584933.01,10,14
4900,Returns,Revenue,Returns,2016/02/01,2016/02/29,731587.87,11,14
5100,Cost of Goods Sold,Expense,Direct,2016/02/01,2016/02/29,2506500.09,12,14
5200,Inbound Shipping,Expense,Direct,2016/02/01,2016/02/29,76139.75,13,14
5300,Warehouse and DC Costs,Expense,Direct,2016/02/01,2016/02/29,19868.05,14,14
5500,Outbound Shipping,Expense,Direct,2016/02/01,2016/02/29,245533.97,15,14
5900,Inventory Adjustments,Expense,Direct,2016/02/01,2016/02/29,34602.38,16,14
6100,Leased Space,Expense,Indirect,2016/02/01,2016/02/29,13400.00,17,14
7100,Sales Expenses,Expense,Indirect,2016/02/01,2016/02/29,566903.50,18,14
7200,Marketing Expenses,Expense,Indirect,2016/02/01,2016/02/29,302099.66,19,14
7500,G&A Expenses,Expense,Indirect,2016/02/01,2016/02/29,358682.23,20,14
1100,Cash,Asset,Current,2016/03/01,2016/03/31,3250495.80,1,15
1200,Accounts Receivable,Asset,Current,2016/03/01,2016/03/31,1847185.56,2,15
1300,Inventory,Asset,Current,2016/03/01,2016/03/31,2611554.81,3,15
1400,Prepaid Expenses,Asset,Fixed,2016/03/01,2016/03/31,110545.78,4,15
1500,Fixtures and Equipment,Asset,Fixed,2016/03/01,2016/03/31,318521.04,5,15
2100,Accounts Payable,Liability,Current,2016/03/01,2016/03/31,3367424.19,6,15
2700,L/T Debt,Liability,LongTerm,2016/03/01,2016/03/31,810751.54,7,15
3500,Capital,Liability,Capital,2016/03/01,2016/03/31,3960127.26,8,15
4100,Direct Sales,Revenue,Sales,2016/03/01,2016/03/31,1926277.01,9,15
4200,eCommerce Sales,Revenue,Sales,2016/03/01,2016/03/31,2692166.54,10,15
4900,Returns,Revenue,Returns,2016/03/01,2016/03/31,486494.22,11,15
5100,Cost of Goods Sold,Expense,Direct,2016/03/01,2016/03/31,2385348.94,12,15
5200,Inbound Shipping,Expense,Direct,2016/03/01,2016/03/31,68740.20,13,15
5300,Warehouse and DC Costs,Expense,Direct,2016/03/01,2016/03/31,20387.28,14,15
5500,Outbound Shipping,Expense,Direct,2016/03/01,2016/03/31,238186.76,15,15
5900,Inventory Adjustments,Expense,Direct,2016/03/01,2016/03/31,35403.74,16,15
6100,Leased Space,Expense,Indirect,2016/03/01,2016/03/31,13400.00,17,15
7100,Sales Expenses,Expense,Indirect,2016/03/01,2016/03/31,579920.14,18,15
7200,Marketing Expenses,Expense,Indirect,2016/03/01,2016/03/31,293333.77,19,15
7500,G&A Expenses,Expense,Indirect,2016/03/01,2016/03/31,344099.92,20,15
1100,Cash,Asset,Current,2016/04/01,2016/04/30,3484443.27,1,16
1200,Accounts Receivable,Asset,Current,2016/04/01,2016/04/30,1915563.32,2,16
1300,Inventory,Asset,Current,2016/04/01,2016/04/30,2500602.25,3,16
1400,Prepaid Expenses,Asset,Fixed,2016/04/01,2016/04/30,101333.63,4,16
1500,Fixtures and Equipment,Asset,Fixed,2016/04/01,2016/04/30,318521.04,5,16
2100,Accounts Payable,Liability,Current,2016/04/01,2016/04/30,3234045.87,6,16
2700,L/T Debt,Liability,LongTerm,2016/04/01,2016/04/30,799491.11,7,16
3500,Capital,Liability,Capital,2016/04/01,2016/04/30,4286926.53,8,16
4100,Direct Sales,Revenue,Sales,2016/04/01,2016/04/30,2025265.70,9,16
4200,eCommerce Sales,Revenue,Sales,2016/04/01,2016/04/30,2727919.52,10,16
4900,Returns,Revenue,Returns,2016/04/01,2016/04/30,469151.10,11,16
5100,Cost of Goods Sold,Expense,Direct,2016/04/01,2016/04/30,2420985.33,12,16
5200,Inbound Shipping,Expense,Direct,2016/04/01,2016/04/30,69531.26,13,16
5300,Warehouse and DC Costs,Expense,Direct,2016/04/01,2016/04/30,17114.93,14,16
5500,Outbound Shipping,Expense,Direct,2016/04/01,2016/04/30,224086.23,15,16
5900,Inventory Adjustments,Expense,Direct,2016/04/01,2016/04/30,38464.91,16,16
6100,Leased Space,Expense,Indirect,2016/04/01,2016/04/30,13400.00,17,16
7100,Sales Expenses,Expense,Indirect,2016/04/01,2016/04/30,560777.91,18,16
7200,Marketing Expenses,Expense,Indirect,2016/04/01,2016/04/30,286844.95,19,16
7500,G&A Expenses,Expense,Indirect,2016/04/01,2016/04/30,326029.32,20,16
1100,Cash,Asset,Current,2016/05/01,2016/05/31,3004576.79,1,17
1200,Accounts Receivable,Asset,Current,2016/05/01,2016/05/31,1986325.77,2,17
1300,Inventory,Asset,Current,2016/05/01,2016/05/31,2469214.72,3,17
1400,Prepaid Expenses,Asset,Fixed,2016/05/01,2016/05/31,92889.16,4,17
1500,Fixtures and Equipment,Asset,Fixed,2016/05/01,2016/05/31,318521.04,5,17
2100,Accounts Payable,Liability,Current,2016/05/01,2016/05/31,2524433.21,6,17
2700,L/T Debt,Liability,LongTerm,2016/05/01,2016/05/31,788387.06,7,17
3500,Capital,Liability,Capital,2016/05/01,2016/05/31,4558707.20,8,17
4100,Direct Sales,Revenue,Sales,2016/05/01,2016/05/31,2097797.27,9,17
4200,eCommerce Sales,Revenue,Sales,2016/05/01,2016/05/31,2786311.13,10,17
4900,Returns,Revenue,Returns,2016/05/01,2016/05/31,484505.25,11,17
5100,Cost of Goods Sold,Expense,Direct,2016/05/01,2016/05/31,2555820.74,12,17
5200,Inbound Shipping,Expense,Direct,2016/05/01,2016/05/31,66321.61,13,17
5300,Warehouse and DC Costs,Expense,Direct,2016/05/01,2016/05/31,18262.36,14,17
5500,Outbound Shipping,Expense,Direct,2016/05/01,2016/05/31,224730.87,15,17
5900,Inventory Adjustments,Expense,Direct,2016/05/01,2016/05/31,32597.50,16,17
6100,Leased Space,Expense,Indirect,2016/05/01,2016/05/31,13400.00,17,17
7100,Sales Expenses,Expense,Indirect,2016/05/01,2016/05/31,589801.46,18,17
7200,Marketing Expenses,Expense,Indirect,2016/05/01,2016/05/31,296420.71,19,17
7500,G&A Expenses,Expense,Indirect,2016/05/01,2016/05/31,330467.21,20,17
1100,Cash,Asset,Current,2016/06/01,2016/06/30,3361298.86,1,18
1200,Accounts Receivable,Asset,Current,2016/06/01,2016/06/30,1836068.51,2,18
1300,Inventory,Asset,Current,2016/06/01,2016/06/30,2483629.50,3,18
1400,Prepaid Expenses,Asset,Fixed,2016/06/01,2016/06/30,116028.59,4,18
1500,Fixtures and Equipment,Asset,Fixed,2016/06/01,2016/06/30,320284.62,5,18
2100,Accounts Payable,Liability,Current,2016/06/01,2016/06/30,2635070.78,6,18
2700,L/T Debt,Liability,LongTerm,2016/06/01,2016/06/30,777437.24,7,18
3500,Capital,Liability,Capital,2016/06/01,2016/06/30,4704802.06,8,18
4100,Direct Sales,Revenue,Sales,2016/06/01,2016/06/30,1796445.47,9,18
4200,eCommerce Sales,Revenue,Sales,2016/06/01,2016/06/30,2679737.38,10,18
4900,Returns,Revenue,Returns,2016/06/01,2016/06/30,492385.35,11,18
5100,Cost of Goods Sold,Expense,Direct,2016/06/01,2016/06/30,2310647.68,12,18
5200,Inbound Shipping,Expense,Direct,2016/06/01,2016/06/30,62337.26,13,18
5300,Warehouse and DC Costs,Expense,Direct,2016/06/01,2016/06/30,17759.50,14,18
5500,Outbound Shipping,Expense,Direct,2016/06/01,2016/06/30,224288.08,15,18
5900,Inventory Adjustments,Expense,Direct,2016/06/01,2016/06/30,38210.26,16,18
6100,Leased Space,Expense,Indirect,2016/06/01,2016/06/30,13400.00,17,18
7100,Sales Expenses,Expense,Indirect,2016/06/01,2016/06/30,581492.54,18,18
7200,Marketing Expenses,Expense,Indirect,2016/06/01,2016/06/30,291274.84,19,18
7500,G&A Expenses,Expense,Indirect,2016/06/01,2016/06/30,298292.49,20,18
1100,Cash,Asset,Current,2016/07/01,2016/07/31,3637895.43,1,19
1200,Accounts Receivable,Asset,Current,2016/07/01,2016/07/31,1712324.63,2,19
1300,Inventory,Asset,Current,2016/07/01,2016/07/31,2529142.14,3,19
1400,Prepaid Expenses,Asset,Fixed,2016/07/01,2016/07/31,106359.55,4,19
1500,Fixtures and Equipment,Asset,Fixed,2016/07/01,2016/07/31,321462.01,5,19
2100,Accounts Payable,Liability,Current,2016/07/01,2016/07/31,2840138.76,6,19
2700,L/T Debt,Liability,LongTerm,2016/07/01,2016/07/31,766639.50,7,19
3500,Capital,Liability,Capital,2016/07/01,2016/07/31,4700405.49,8,19
4100,Direct Sales,Revenue,Sales,2016/07/01,2016/07/31,1551723.55,9,19
4200,eCommerce Sales,Revenue,Sales,2016/07/01,2016/07/31,2608444.04,10,19
4900,Returns,Revenue,Returns,2016/07/01,2016/07/31,445036.24,11,19
5100,Cost of Goods Sold,Expense,Direct,2016/07/01,2016/07/31,2196702.17,12,19
5200,Inbound Shipping,Expense,Direct,2016/07/01,2016/07/31,64642.13,13,19
5300,Warehouse and DC Costs,Expense,Direct,2016/07/01,2016/07/31,18036.51,14,19
5500,Outbound Shipping,Expense,Direct,2016/07/01,2016/07/31,227672.86,15,19
5900,Inventory Adjustments,Expense,Direct,2016/07/01,2016/07/31,36052.85,16,19
6100,Leased Space,Expense,Indirect,2016/07/01,2016/07/31,13400.00,17,19
7100,Sales Expenses,Expense,Indirect,2016/07/01,2016/07/31,557691.90,18,19
7200,Marketing Expenses,Expense,Indirect,2016/07/01,2016/07/31,296835.62,19,19
7500,G&A Expenses,Expense,Indirect,2016/07/01,2016/07/31,308493.89,20,19
1100,Cash,Asset,Current,2016/08/01,2016/08/31,3746846.79,1,20
1200,Accounts Receivable,Asset,Current,2016/08/01,2016/08/31,1522058.56,2,20
1300,Inventory,Asset,Current,2016/08/01,2016/08/31,2819719.63,3,20
1400,Prepaid Expenses,Asset,Fixed,2016/08/01,2016/08/31,97496.25,4,20
1500,Fixtures and Equipment,Asset,Fixed,2016/08/01,2016/08/31,327394.66,5,20
2100,Accounts Payable,Liability,Current,2016/08/01,2016/08/31,3076113.25,6,20
2700,L/T Debt,Liability,LongTerm,2016/08/01,2016/08/31,755991.73,7,20
3500,Capital,Liability,Capital,2016/08/01,2016/08/31,4681410.91,8,20
4100,Direct Sales,Revenue,Sales,2016/08/01,2016/08/31,1268818.25,9,20
4200,eCommerce Sales,Revenue,Sales,2016/08/01,2016/08/31,2523841.91,10,20
4900,Returns,Revenue,Returns,2016/08/01,2016/08/31,406095.02,11,20
5100,Cost of Goods Sold,Expense,Direct,2016/08/01,2016/08/31,1960237.09,12,20
5200,Inbound Shipping,Expense,Direct,2016/08/01,2016/08/31,53885.84,13,20
5300,Warehouse and DC Costs,Expense,Direct,2016/08/01,2016/08/31,20746.45,14,20
5500,Outbound Shipping,Expense,Direct,2016/08/01,2016/08/31,185038.16,15,20
5900,Inventory Adjustments,Expense,Direct,2016/08/01,2016/08/31,41091.55,16,20
6100,Leased Space,Expense,Indirect,2016/08/01,2016/08/31,13400.00,17,20
7100,Sales Expenses,Expense,Indirect,2016/08/01,2016/08/31,529534.37,18,20
7200,Marketing Expenses,Expense,Indirect,2016/08/01,2016/08/31,301295.96,19,20
7500,G&A Expenses,Expense,Indirect,2016/08/01,2016/08/31,300330.31,20,20
1100,Cash,Asset,Current,2016/09/01,2016/09/30,3092521.19,1,21
1200,Accounts Receivable,Asset,Current,2016/09/01,2016/09/30,1462203.50,2,21
1300,Inventory,Asset,Current,2016/09/01,2016/09/30,3099018.82,3,21
1400,Prepaid Expenses,Asset,Fixed,2016/09/01,2016/09/30,89371.56,4,21
1500,Fixtures and Equipment,Asset,Fixed,2016/09/01,2016/09/30,327394.66,5,21
2100,Accounts Payable,Liability,Current,2016/09/01,2016/09/30,2670571.33,6,21
2700,L/T Debt,Liability,LongTerm,2016/09/01,2016/09/30,745491.85,7,21
3500,Capital,Liability,Capital,2016/09/01,2016/09/30,4654446.56,8,21
4100,Direct Sales,Revenue,Sales,2016/09/01,2016/09/30,1190564.99,9,21
4200,eCommerce Sales,Revenue,Sales,2016/09/01,2016/09/30,2449672.79,10,21
4900,Returns,Revenue,Returns,2016/09/01,2016/09/30,370606.90,11,21
5100,Cost of Goods Sold,Expense,Direct,2016/09/01,2016/09/30,1886028.91,12,21
5200,Inbound Shipping,Expense,Direct,2016/09/01,2016/09/30,50561.66,13,21
5300,Warehouse and DC Costs,Expense,Direct,2016/09/01,2016/09/30,20493.90,14,21
5500,Outbound Shipping,Expense,Direct,2016/09/01,2016/09/30,183505.38,15,21
5900,Inventory Adjustments,Expense,Direct,2016/09/01,2016/09/30,46564.22,16,21
6100,Leased Space,Expense,Indirect,2016/09/01,2016/09/30,13400.00,17,21
7100,Sales Expenses,Expense,Indirect,2016/09/01,2016/09/30,510943.71,18,21
7200,Marketing Expenses,Expense,Indirect,2016/09/01,2016/09/30,299531.87,19,21
7500,G&A Expenses,Expense,Indirect,2016/09/01,2016/09/30,285565.58,20,21
1100,Cash,Asset,Current,2016/10/01,2016/10/31,3909025.53,1,22
1200,Accounts Receivable,Asset,Current,2016/10/01,2016/10/31,1624241.89,2,22
1300,Inventory,Asset,Current,2016/10/01,2016/10/31,3686483.61,3,22
1400,Prepaid Expenses,Asset,Fixed,2016/10/01,2016/10/31,81923.93,4,22
1500,Fixtures and Equipment,Asset,Fixed,2016/10/01,2016/10/31,327394.66,5,22
2100,Accounts Payable,Liability,Current,2016/10/01,2016/10/31,4108659.71,6,22
2700,L/T Debt,Liability,LongTerm,2016/10/01,2016/10/31,735137.79,7,22
3500,Capital,Liability,Capital,2016/10/01,2016/10/31,4785272.13,8,22
4100,Direct Sales,Revenue,Sales,2016/10/01,2016/10/31,1541451.57,9,22
4200,eCommerce Sales,Revenue,Sales,2016/10/01,2016/10/31,2679987.88,10,22
4900,Returns,Revenue,Returns,2016/10/01,2016/10/31,370925.73,11,22
5100,Cost of Goods Sold,Expense,Direct,2016/10/01,2016/10/31,2213894.10,12,22
5200,Inbound Shipping,Expense,Direct,2016/10/01,2016/10/31,66620.76,13,22
5300,Warehouse and DC Costs,Expense,Direct,2016/10/01,2016/10/31,25692.84,14,22
5500,Outbound Shipping,Expense,Direct,2016/10/01,2016/10/31,221756.80,15,22
5900,Inventory Adjustments,Expense,Direct,2016/10/01,2016/10/31,57383.01,16,22
6100,Leased Space,Expense,Indirect,2016/10/01,2016/10/31,13400.00,17,22
7100,Sales Expenses,Expense,Indirect,2016/10/01,2016/10/31,550900.04,18,22
7200,Marketing Expenses,Expense,Indirect,2016/10/01,2016/10/31,297579.47,19,22
7500,G&A Expenses,Expense,Indirect,2016/10/01,2016/10/31,272461.14,20,22
1100,Cash,Asset,Current,2016/11/01,2016/11/30,3543614.37,1,23
1200,Accounts Receivable,Asset,Current,2016/11/01,2016/11/30,2042069.65,2,23
1300,Inventory,Asset,Current,2016/11/01,2016/11/30,4248215.52,3,23
1400,Prepaid Expenses,Asset,Fixed,2016/11/01,2016/11/30,75096.94,4,23
1500,Fixtures and Equipment,Asset,Fixed,2016/11/01,2016/11/30,330589.81,5,23
2100,Accounts Payable,Liability,Current,2016/11/01,2016/11/30,4242417.31,6,23
2700,L/T Debt,Liability,LongTerm,2016/11/01,2016/11/30,724927.55,7,23
3500,Capital,Liability,Capital,2016/11/01,2016/11/30,5272241.43,8,23
4100,Direct Sales,Revenue,Sales,2016/11/01,2016/11/30,1986748.04,9,23
4200,eCommerce Sales,Revenue,Sales,2016/11/01,2016/11/30,3285127.61,10,23
4900,Returns,Revenue,Returns,2016/11/01,2016/11/30,422212.11,11,23
5100,Cost of Goods Sold,Expense,Direct,2016/11/01,2016/11/30,2787544.92,12,23
5200,Inbound Shipping,Expense,Direct,2016/11/01,2016/11/30,86666.29,13,23
5300,Warehouse and DC Costs,Expense,Direct,2016/11/01,2016/11/30,27373.25,14,23
5500,Outbound Shipping,Expense,Direct,2016/11/01,2016/11/30,267466.20,15,23
5900,Inventory Adjustments,Expense,Direct,2016/11/01,2016/11/30,63704.63,16,23
6100,Leased Space,Expense,Indirect,2016/11/01,2016/11/30,13400.00,17,23
7100,Sales Expenses,Expense,Indirect,2016/11/01,2016/11/30,551899.56,18,23
7200,Marketing Expenses,Expense,Indirect,2016/11/01,2016/11/30,293033.38,19,23
7500,G&A Expenses,Expense,Indirect,2016/11/01,2016/11/30,271606.01,20,23
1100,Cash,Asset,Current,2016/12/01,2016/12/31,4574469.16,1,24
1200,Accounts Receivable,Asset,Current,2016/12/01,2016/12/31,2681098.43,2,24
1300,Inventory,Asset,Current,2016/12/01,2016/12/31,2882653.98,3,24
1400,Prepaid Expenses,Asset,Fixed,2016/12/01,2016/12/31,78179.51,4,24
1500,Fixtures and Equipment,Asset,Fixed,2016/12/01,2016/12/31,330589.81,5,24
2100,Accounts Payable,Liability,Current,2016/12/01,2016/12/31,3389187.59,6,24
2700,L/T Debt,Liability,LongTerm,2016/12/01,2016/12/31,714859.11,7,24
3500,Capital,Liability,Capital,2016/12/01,2016/12/31,6442944.20,8,24
4100,Direct Sales,Revenue,Sales,2016/12/01,2016/12/31,3029027.38,9,24
4200,eCommerce Sales,Revenue,Sales,2016/12/01,2016/12/31,4175479.99,10,24
4900,Returns,Revenue,Returns,2016/12/01,2016/12/31,516624.58,11,24
5100,Cost of Goods Sold,Expense,Direct,2016/12/01,2016/12/31,3786409.81,12,24
5200,Inbound Shipping,Expense,Direct,2016/12/01,2016/12/31,101194.43,13,24
5300,Warehouse and DC Costs,Expense,Direct,2016/12/01,2016/12/31,22233.67,14,24
5500,Outbound Shipping,Expense,Direct,2016/12/01,2016/12/31,371235.09,15,24
5900,Inventory Adjustments,Expense,Direct,2016/12/01,2016/12/31,43879.48,16,24
6100,Leased Space,Expense,Indirect,2016/12/01,2016/12/31,13400.00,17,24
7100,Sales Expenses,Expense,Indirect,2016/12/01,2016/12/31,617081.99,18,24
7200,Marketing Expenses,Expense,Indirect,2016/12/01,2016/12/31,287529.04,19,24
7500,G&A Expenses,Expense,Indirect,2016/12/01,2016/12/31,274216.51,20,24
1100,Cash,Asset,Current,2017/01/01,2017/01/31,5021127.79,1,25
1200,Accounts Receivable,Asset,Current,2017/01/01,2017/01/31,2303914.66,2,25
1300,Inventory,Asset,Current,2017/01/01,2017/01/31,2603808.25,3,25
1400,Prepaid Expenses,Asset,Fixed,2017/01/01,2017/01/31,71664.55,4,25
1500,Fixtures and Equipment,Asset,Fixed,2017/01/01,2017/01/31,330589.81,5,25
2100,Accounts Payable,Liability,Current,2017/01/01,2017/01/31,3386591.01,6,25
2700,L/T Debt,Liability,LongTerm,2017/01/01,2017/01/31,704930.51,7,25
3500,Capital,Liability,Capital,2017/01/01,2017/01/31,6239583.55,8,25
4100,Direct Sales,Revenue,Sales,2017/01/01,2017/01/31,2200234.58,9,25
4200,eCommerce Sales,Revenue,Sales,2017/01/01,2017/01/31,3069249.06,10,25
4900,Returns,Revenue,Returns,2017/01/01,2017/01/31,1062536.06,11,25
5100,Cost of Goods Sold,Expense,Direct,2017/01/01,2017/01/31,2818788.98,12,25
5200,Inbound Shipping,Expense,Direct,2017/01/01,2017/01/31,76302.64,13,25
5300,Warehouse and DC Costs,Expense,Direct,2017/01/01,2017/01/31,19908.75,14,25
5500,Outbound Shipping,Expense,Direct,2017/01/01,2017/01/31,280225.39,15,25
5900,Inventory Adjustments,Expense,Direct,2017/01/01,2017/01/31,38443.44,16,25
6100,Leased Space,Expense,Indirect,2017/01/01,2017/01/31,13400.00,17,25
7100,Sales Expenses,Expense,Indirect,2017/01/01,2017/01/31,582771.96,18,25
7200,Marketing Expenses,Expense,Indirect,2017/01/01,2017/01/31,290447.39,19,25
7500,G&A Expenses,Expense,Indirect,2017/01/01,2017/01/31,290019.69,20,25
1100,Cash,Asset,Current,2017/02/01,2017/02/28,6178963.15,1,26
1200,Accounts Receivable,Asset,Current,2017/02/01,2017/02/28,2110840.50,2,26
1300,Inventory,Asset,Current,2017/02/01,2017/02/28,2600765.01,3,26
1400,Prepaid Expenses,Asset,Fixed,2017/02/01,2017/02/28,65692.51,4,26
1500,Fixtures and Equipment,Asset,Fixed,2017/02/01,2017/02/28,331153.06,5,26
2100,Accounts Payable,Liability,Current,2017/02/01,2017/02/28,4188520.35,6,26
2700,L/T Debt,Liability,LongTerm,2017/02/01,2017/02/28,695139.81,7,26
3500,Capital,Liability,Capital,2017/02/01,2017/02/28,6403754.07,8,26
4100,Direct Sales,Revenue,Sales,2017/02/01,2017/02/28,2480243.46,9,26
4200,eCommerce Sales,Revenue,Sales,2017/02/01,2017/02/28,2969872.97,10,26
4900,Returns,Revenue,Returns,2017/02/01,2017/02/28,775950.44,11,26
5100,Cost of Goods Sold,Expense,Direct,2017/02/01,2017/02/28,2925266.73,12,26
5200,Inbound Shipping,Expense,Direct,2017/02/01,2017/02/28,83349.50,13,26
5300,Warehouse and DC Costs,Expense,Direct,2017/02/01,2017/02/28,20363.38,14,26
5500,Outbound Shipping,Expense,Direct,2017/02/01,2017/02/28,261131.79,15,26
5900,Inventory Adjustments,Expense,Direct,2017/02/01,2017/02/28,34725.84,16,26
6100,Leased Space,Expense,Indirect,2017/02/01,2017/02/28,13400.00,17,26
7100,Sales Expenses,Expense,Indirect,2017/02/01,2017/02/28,598296.12,18,26
7200,Marketing Expenses,Expense,Indirect,2017/02/01,2017/02/28,304058.81,19,26
7500,G&A Expenses,Expense,Indirect,2017/02/01,2017/02/28,269403.30,20,26
1100,Cash,Asset,Current,2017/03/01,2017/03/31,5140767.74,1,27
1200,Accounts Receivable,Asset,Current,2017/03/01,2017/03/31,2130456.90,2,27
1300,Inventory,Asset,Current,2017/03/01,2017/03/31,2499131.39,3,27
1400,Prepaid Expenses,Asset,Fixed,2017/03/01,2017/03/31,60218.13,4,27
1500,Fixtures and Equipment,Asset,Fixed,2017/03/01,2017/03/31,331153.06,5,27
2100,Accounts Payable,Liability,Current,2017/03/01,2017/03/31,2764793.35,6,27
2700,L/T Debt,Liability,LongTerm,2017/03/01,2017/03/31,685485.09,7,27
3500,Capital,Liability,Capital,2017/03/01,2017/03/31,6711448.79,8,27
4100,Direct Sales,Revenue,Sales,2017/03/01,2017/03/31,2106152.34,9,27
4200,eCommerce Sales,Revenue,Sales,2017/03/01,2017/03/31,3095217.31,10,27
4900,Returns,Revenue,Returns,2017/03/01,2017/03/31,549194.47,11,27
5100,Cost of Goods Sold,Expense,Direct,2017/03/01,2017/03/31,2777240.08,12,27
5200,Inbound Shipping,Expense,Direct,2017/03/01,2017/03/31,83391.87,13,27
5300,Warehouse and DC Costs,Expense,Direct,2017/03/01,2017/03/31,16718.39,14,27
5500,Outbound Shipping,Expense,Direct,2017/03/01,2017/03/31,284799.94,15,27
5900,Inventory Adjustments,Expense,Direct,2017/03/01,2017/03/31,33685.76,16,27
6100,Leased Space,Expense,Indirect,2017/03/01,2017/03/31,13400.00,17,27
7100,Sales Expenses,Expense,Indirect,2017/03/01,2017/03/31,568233.64,18,27
7200,Marketing Expenses,Expense,Indirect,2017/03/01,2017/03/31,305317.03,19,27
7500,G&A Expenses,Expense,Indirect,2017/03/01,2017/03/31,261693.73,20,27
1100,Cash,Asset,Current,2017/04/01,2017/04/30,6051906.30,1,28
1200,Accounts Receivable,Asset,Current,2017/04/01,2017/04/30,1997072.56,2,28
1300,Inventory,Asset,Current,2017/04/01,2017/04/30,2510955.48,3,28
1400,Prepaid Expenses,Asset,Fixed,2017/04/01,2017/04/30,55199.95,4,28
1500,Fixtures and Equipment,Asset,Fixed,2017/04/01,2017/04/30,337061.31,5,28
2100,Accounts Payable,Liability,Current,2017/04/01,2017/04/30,3237840.82,6,28
2700,L/T Debt,Liability,LongTerm,2017/04/01,2017/04/30,675964.46,7,28
3500,Capital,Liability,Capital,2017/04/01,2017/04/30,7038390.32,8,28
4100,Direct Sales,Revenue,Sales,2017/04/01,2017/04/30,1713403.56,9,28
4200,eCommerce Sales,Revenue,Sales,2017/04/01,2017/04/30,3170081.76,10,28
4900,Returns,Revenue,Returns,2017/04/01,2017/04/30,514962.38,11,28
5100,Cost of Goods Sold,Expense,Direct,2017/04/01,2017/04/30,2544366.04,12,28
5200,Inbound Shipping,Expense,Direct,2017/04/01,2017/04/30,66898.32,13,28
5300,Warehouse and DC Costs,Expense,Direct,2017/04/01,2017/04/30,18717.93,14,28
5500,Outbound Shipping,Expense,Direct,2017/04/01,2017/04/30,247435.02,15,28
5900,Inventory Adjustments,Expense,Direct,2017/04/01,2017/04/30,32872.41,16,28
6100,Leased Space,Expense,Indirect,2017/04/01,2017/04/30,13400.00,17,28
7100,Sales Expenses,Expense,Indirect,2017/04/01,2017/04/30,564418.40,18,28
7200,Marketing Expenses,Expense,Indirect,2017/04/01,2017/04/30,292869.13,19,28
7500,G&A Expenses,Expense,Indirect,2017/04/01,2017/04/30,260604.17,20,28
1100,Cash,Asset,Current,2017/05/01,2017/05/31,5990568.37,1,29
1200,Accounts Receivable,Asset,Current,2017/05/01,2017/05/31,2013598.71,2,29
1300,Inventory,Asset,Current,2017/05/01,2017/05/31,2598499.64,3,29
1400,Prepaid Expenses,Asset,Fixed,2017/05/01,2017/05/31,50599.96,4,29
1500,Fixtures and Equipment,Asset,Fixed,2017/05/01,2017/05/31,337061.31,5,29
2100,Accounts Payable,Liability,Current,2017/05/01,2017/05/31,2810439.78,6,29
2700,L/T Debt,Liability,LongTerm,2017/05/01,2017/05/31,666576.07,7,29
3500,Capital,Liability,Capital,2017/05/01,2017/05/31,7513312.14,8,29
4100,Direct Sales,Revenue,Sales,2017/05/01,2017/05/31,1838444.01,9,29
4200,eCommerce Sales,Revenue,Sales,2017/05/01,2017/05/31,3223377.67,10,29
4900,Returns,Revenue,Returns,2017/05/01,2017/05/31,485242.56,11,29
5100,Cost of Goods Sold,Expense,Direct,2017/05/01,2017/05/31,2632236.27,12,29
5200,Inbound Shipping,Expense,Direct,2017/05/01,2017/05/31,74326.03,13,29
5300,Warehouse and DC Costs,Expense,Direct,2017/05/01,2017/05/31,17314.32,14,29
5500,Outbound Shipping,Expense,Direct,2017/05/01,2017/05/31,232272.71,15,29
5900,Inventory Adjustments,Expense,Direct,2017/05/01,2017/05/31,34264.65,16,29
6100,Leased Space,Expense,Indirect,2017/05/01,2017/05/31,13400.00,17,29
7100,Sales Expenses,Expense,Indirect,2017/05/01,2017/05/31,563092.31,18,29
7200,Marketing Expenses,Expense,Indirect,2017/05/01,2017/05/31,282319.15,19,29
7500,G&A Expenses,Expense,Indirect,2017/05/01,2017/05/31,252431.85,20,29
1100,Cash,Asset,Current,2017/06/01,2017/06/30,6600847.20,1,30
1200,Accounts Receivable,Asset,Current,2017/06/01,2017/06/30,2102571.81,2,30
1300,Inventory,Asset,Current,2017/06/01,2017/06/30,2512812.35,3,30
1400,Prepaid Expenses,Asset,Fixed,2017/06/01,2017/06/30,64160.33,4,30
1500,Fixtures and Equipment,Asset,Fixed,2017/06/01,2017/06/30,339932.68,5,30
2100,Accounts Payable,Liability,Current,2017/06/01,2017/06/30,3084946.32,6,30
2700,L/T Debt,Liability,LongTerm,2017/06/01,2017/06/30,657318.07,7,30
3500,Capital,Liability,Capital,2017/06/01,2017/06/30,7878059.98,8,30
4100,Direct Sales,Revenue,Sales,2017/06/01,2017/06/30,1966329.15,9,30
4200,eCommerce Sales,Revenue,Sales,2017/06/01,2017/06/30,3242487.12,10,30
4900,Returns,Revenue,Returns,2017/06/01,2017/06/30,509439.44,11,30
5100,Cost of Goods Sold,Expense,Direct,2017/06/01,2017/06/30,2807698.75,12,30
5200,Inbound Shipping,Expense,Direct,2017/06/01,2017/06/30,75172.45,13,30
5300,Warehouse and DC Costs,Expense,Direct,2017/06/01,2017/06/30,18258.48,14,30
5500,Outbound Shipping,Expense,Direct,2017/06/01,2017/06/30,279642.54,15,30
5900,Inventory Adjustments,Expense,Direct,2017/06/01,2017/06/30,38195.16,16,30
6100,Leased Space,Expense,Indirect,2017/06/01,2017/06/30,13400.00,17,30
7100,Sales Expenses,Expense,Indirect,2017/06/01,2017/06/30,591930.44,18,30
7200,Marketing Expenses,Expense,Indirect,2017/06/01,2017/06/30,269481.55,19,30
7500,G&A Expenses,Expense,Indirect,2017/06/01,2017/06/30,240849.63,20,30
1100,Cash,Asset,Current,2017/07/01,2017/07/31,8291142.96,1,31
1200,Accounts Receivable,Asset,Current,2017/07/01,2017/07/31,2133128.34,2,31
1300,Inventory,Asset,Current,2017/07/01,2017/07/31,2515684.74,3,31
1400,Prepaid Expenses,Asset,Fixed,2017/07/01,2017/07/31,58813.63,4,31
1500,Fixtures and Equipment,Asset,Fixed,2017/07/01,2017/07/31,339932.68,5,31
2100,Accounts Payable,Liability,Current,2017/07/01,2017/07/31,4229726.25,6,31
2700,L/T Debt,Liability,LongTerm,2017/07/01,2017/07/31,648188.65,7,31
3500,Capital,Liability,Capital,2017/07/01,2017/07/31,8460787.45,8,31
4100,Direct Sales,Revenue,Sales,2017/07/01,2017/07/31,2286159.11,9,31
4200,eCommerce Sales,Revenue,Sales,2017/07/01,2017/07/31,3261501.46,10,31
4900,Returns,Revenue,Returns,2017/07/01,2017/07/31,510437.33,11,31
5100,Cost of Goods Sold,Expense,Direct,2017/07/01,2017/07/31,2948099.41,12,31
5200,Inbound Shipping,Expense,Direct,2017/07/01,2017/07/31,80425.07,13,31
5300,Warehouse and DC Costs,Expense,Direct,2017/07/01,2017/07/31,17142.94,14,31
5500,Outbound Shipping,Expense,Direct,2017/07/01,2017/07/31,266449.30,15,31
5900,Inventory Adjustments,Expense,Direct,2017/07/01,2017/07/31,36171.77,16,31
6100,Leased Space,Expense,Indirect,2017/07/01,2017/07/31,13400.00,17,31
7100,Sales Expenses,Expense,Indirect,2017/07/01,2017/07/31,589695.45,18,31
7200,Marketing Expenses,Expense,Indirect,2017/07/01,2017/07/31,274693.15,19,31
7500,G&A Expenses,Expense,Indirect,2017/07/01,2017/07/31,228418.68,20,31
1100,Cash,Asset,Current,2017/08/01,2017/08/31,7609648.49,1,32
1200,Accounts Receivable,Asset,Current,2017/08/01,2017/08/31,2110677.14,2,32
1300,Inventory,Asset,Current,2017/08/01,2017/08/31,2658328.16,3,32
1400,Prepaid Expenses,Asset,Fixed,2017/08/01,2017/08/31,53912.50,4,32
1500,Fixtures and Equipment,Asset,Fixed,2017/08/01,2017/08/31,342579.09,5,32
2100,Accounts Payable,Liability,Current,2017/08/01,2017/08/31,3204710.10,6,32
2700,L/T Debt,Liability,LongTerm,2017/08/01,2017/08/31,639186.03,7,32
3500,Capital,Liability,Capital,2017/08/01,2017/08/31,8931249.25,8,32
4100,Direct Sales,Revenue,Sales,2017/08/01,2017/08/31,2116806.54,9,32
4200,eCommerce Sales,Revenue,Sales,2017/08/01,2017/08/31,3190307.10,10,32
4900,Returns,Revenue,Returns,2017/08/01,2017/08/31,555841.84,11,32
5100,Cost of Goods Sold,Expense,Direct,2017/08/01,2017/08/31,2770729.39,12,32
5200,Inbound Shipping,Expense,Direct,2017/08/01,2017/08/31,80094.41,13,32
5300,Warehouse and DC Costs,Expense,Direct,2017/08/01,2017/08/31,20575.70,14,32
5500,Outbound Shipping,Expense,Direct,2017/08/01,2017/08/31,255271.29,15,32
5900,Inventory Adjustments,Expense,Direct,2017/08/01,2017/08/31,35091.33,16,32
6100,Leased Space,Expense,Indirect,2017/08/01,2017/08/31,13400.00,17,32
7100,Sales Expenses,Expense,Indirect,2017/08/01,2017/08/31,587997.46,18,32
7200,Marketing Expenses,Expense,Indirect,2017/08/01,2017/08/31,282704.20,19,32
7500,G&A Expenses,Expense,Indirect,2017/08/01,2017/08/31,234946.22,20,32
1100,Cash,Asset,Current,2017/09/01,2017/09/30,9561849.30,1,33
1200,Accounts Receivable,Asset,Current,2017/09/01,2017/09/30,2225710.97,2,33
1300,Inventory,Asset,Current,2017/09/01,2017/09/30,3055874.27,3,33
1400,Prepaid Expenses,Asset,Fixed,2017/09/01,2017/09/30,49419.79,4,33
1500,Fixtures and Equipment,Asset,Fixed,2017/09/01,2017/09/30,344602.04,5,33
2100,Accounts Payable,Liability,Current,2017/09/01,2017/09/30,5089702.87,6,33
2700,L/T Debt,Liability,LongTerm,2017/09/01,2017/09/30,630308.44,7,33
3500,Capital,Liability,Capital,2017/09/01,2017/09/30,9517445.05,8,33
4100,Direct Sales,Revenue,Sales,2017/09/01,2017/09/30,2572085.77,9,33
4200,eCommerce Sales,Revenue,Sales,2017/09/01,2017/09/30,3111828.14,10,33
4900,Returns,Revenue,Returns,2017/09/01,2017/09/30,529882.86,11,33
5100,Cost of Goods Sold,Expense,Direct,2017/09/01,2017/09/30,2995589.14,12,33
5200,Inbound Shipping,Expense,Direct,2017/09/01,2017/09/30,93334.98,13,33
5300,Warehouse and DC Costs,Expense,Direct,2017/09/01,2017/09/30,23196.04,14,33
5500,Outbound Shipping,Expense,Direct,2017/09/01,2017/09/30,287109.13,15,33
5900,Inventory Adjustments,Expense,Direct,2017/09/01,2017/09/30,39977.89,16,33
6100,Leased Space,Expense,Indirect,2017/09/01,2017/09/30,13400.00,17,33
7100,Sales Expenses,Expense,Indirect,2017/09/01,2017/09/30,618165.39,18,33
7200,Marketing Expenses,Expense,Indirect,2017/09/01,2017/09/30,283791.64,19,33
7500,G&A Expenses,Expense,Indirect,2017/09/01,2017/09/30,213271.03,20,33
1100,Cash,Asset,Current,2017/10/01,2017/10/31,8929469.35,1,34
1200,Accounts Receivable,Asset,Current,2017/10/01,2017/10/31,2519817.90,2,34
1300,Inventory,Asset,Current,2017/10/01,2017/10/31,3785581.37,3,34
1400,Prepaid Expenses,Asset,Fixed,2017/10/01,2017/10/31,45301.47,4,34
1500,Fixtures and Equipment,Asset,Fixed,2017/10/01,2017/10/31,344689.53,5,34
2100,Accounts Payable,Liability,Current,2017/10/01,2017/10/31,4760823.41,6,34
2700,L/T Debt,Liability,LongTerm,2017/10/01,2017/10/31,621554.16,7,34
3500,Capital,Liability,Capital,2017/10/01,2017/10/31,10242482.05,8,34
4100,Direct Sales,Revenue,Sales,2017/10/01,2017/10/31,2814700.37,9,34
4200,eCommerce Sales,Revenue,Sales,2017/10/01,2017/10/31,3534614.66,10,34
4900,Returns,Revenue,Returns,2017/10/01,2017/10/31,556815.55,11,34
5100,Cost of Goods Sold,Expense,Direct,2017/10/01,2017/10/31,3471019.44,12,34
5200,Inbound Shipping,Expense,Direct,2017/10/01,2017/10/31,108726.99,13,34
5300,Warehouse and DC Costs,Expense,Direct,2017/10/01,2017/10/31,25129.92,14,34
5500,Outbound Shipping,Expense,Direct,2017/10/01,2017/10/31,318514.49,15,34
5900,Inventory Adjustments,Expense,Direct,2017/10/01,2017/10/31,54095.04,16,34
6100,Leased Space,Expense,Indirect,2017/10/01,2017/10/31,13400.00,17,34
7100,Sales Expenses,Expense,Indirect,2017/10/01,2017/10/31,592179.76,18,34
7200,Marketing Expenses,Expense,Indirect,2017/10/01,2017/10/31,286737.08,19,34
7500,G&A Expenses,Expense,Indirect,2017/10/01,2017/10/31,197659.77,20,34
1100,Cash,Asset,Current,2017/11/01,2017/11/30,10510211.93,1,35
1200,Accounts Receivable,Asset,Current,2017/11/01,2017/11/30,2760364.63,2,35
1300,Inventory,Asset,Current,2017/11/01,2017/11/30,4352626.30,3,35
1400,Prepaid Expenses,Asset,Fixed,2017/11/01,2017/11/30,41526.35,4,35
1500,Fixtures and Equipment,Asset,Fixed,2017/11/01,2017/11/30,344689.53,5,35
2100,Accounts Payable,Liability,Current,2017/11/01,2017/11/30,6233263.57,6,35
2700,L/T Debt,Liability,LongTerm,2017/11/01,2017/11/30,612921.46,7,35
3500,Capital,Liability,Capital,2017/11/01,2017/11/30,11163233.70,8,35
4100,Direct Sales,Revenue,Sales,2017/11/01,2017/11/30,2814927.93,9,35
4200,eCommerce Sales,Revenue,Sales,2017/11/01,2017/11/30,4203649.45,10,35
4900,Returns,Revenue,Returns,2017/11/01,2017/11/30,630192.71,11,35
5100,Cost of Goods Sold,Expense,Direct,2017/11/01,2017/11/30,3781743.60,12,35
5200,Inbound Shipping,Expense,Direct,2017/11/01,2017/11/30,101382.44,13,35
5300,Warehouse and DC Costs,Expense,Direct,2017/11/01,2017/11/30,31589.85,14,35
5500,Outbound Shipping,Expense,Direct,2017/11/01,2017/11/30,358482.72,15,35
5900,Inventory Adjustments,Expense,Direct,2017/11/01,2017/11/30,56497.01,16,35
6100,Leased Space,Expense,Indirect,2017/11/01,2017/11/30,13400.00,17,35
7100,Sales Expenses,Expense,Indirect,2017/11/01,2017/11/30,631051.03,18,35
7200,Marketing Expenses,Expense,Indirect,2017/11/01,2017/11/30,299767.93,19,35
7500,G&A Expenses,Expense,Indirect,2017/11/01,2017/11/30,193718.42,20,35
1100,Cash,Asset,Current,2017/12/01,2017/12/31,10115242.63,1,36
1200,Accounts Receivable,Asset,Current,2017/12/01,2017/12/31,3429668.02,2,36
1300,Inventory,Asset,Current,2017/12/01,2017/12/31,3192610.16,3,36
1400,Prepaid Expenses,Asset,Fixed,2017/12/01,2017/12/31,92895.72,4,36
1500,Fixtures and Equipment,Asset,Fixed,2017/12/01,2017/12/31,344689.53,5,36
2100,Accounts Payable,Liability,Current,2017/12/01,2017/12/31,3869022.07,6,36
2700,L/T Debt,Liability,LongTerm,2017/12/01,2017/12/31,604408.67,7,36
3500,Capital,Liability,Capital,2017/12/01,2017/12/31,12701675.32,8,36
4100,Direct Sales,Revenue,Sales,2017/12/01,2017/12/31,3304163.69,9,36
4200,eCommerce Sales,Revenue,Sales,2017/12/01,2017/12/31,5704958.76,10,36
4900,Returns,Revenue,Returns,2017/12/01,2017/12/31,687557.62,11,36
5100,Cost of Goods Sold,Expense,Direct,2017/12/01,2017/12/31,4904231.05,12,36
5200,Inbound Shipping,Expense,Direct,2017/12/01,2017/12/31,150910.35,13,36
5300,Warehouse and DC Costs,Expense,Direct,2017/12/01,2017/12/31,23724.42,14,36
5500,Outbound Shipping,Expense,Direct,2017/12/01,2017/12/31,482425.22,15,36
5900,Inventory Adjustments,Expense,Direct,2017/12/01,2017/12/31,47287.32,16,36
6100,Leased Space,Expense,Indirect,2017/12/01,2017/12/31,13400.00,17,36
7100,Sales Expenses,Expense,Indirect,2017/12/01,2017/12/31,644515.47,18,36
7200,Marketing Expenses,Expense,Indirect,2017/12/01,2017/12/31,305670.51,19,36
7500,G&A Expenses,Expense,Indirect,2017/12/01,2017/12/31,210958.88,20,36
1100,Cash,Asset,Current,2018/01/01,2018/01/31,11219361.10,1,37
1200,Accounts Receivable,Asset,Current,2018/01/01,2018/01/31,3047137.43,2,37
1300,Inventory,Asset,Current,2018/01/01,2018/01/31,3126474.88,3,37
1400,Prepaid Expenses,Asset,Fixed,2018/01/01,2018/01/31,85154.41,4,37
1500,Fixtures and Equipment,Asset,Fixed,2018/01/01,2018/01/31,344689.53,5,37
2100,Accounts Payable,Liability,Current,2018/01/01,2018/01/31,4285948.17,6,37
2700,L/T Debt,Liability,LongTerm,2018/01/01,2018/01/31,596014.10,7,37
3500,Capital,Liability,Capital,2018/01/01,2018/01/31,12940855.08,8,37
4100,Direct Sales,Revenue,Sales,2018/01/01,2018/01/31,2915295.21,9,37
4200,eCommerce Sales,Revenue,Sales,2018/01/01,2018/01/31,4100284.74,10,37
4900,Returns,Revenue,Returns,2018/01/01,2018/01/31,1392450.85,11,37
5100,Cost of Goods Sold,Expense,Direct,2018/01/01,2018/01/31,3739805.14,12,37
5200,Inbound Shipping,Expense,Direct,2018/01/01,2018/01/31,97069.51,13,37
5300,Warehouse and DC Costs,Expense,Direct,2018/01/01,2018/01/31,22354.16,14,37
5500,Outbound Shipping,Expense,Direct,2018/01/01,2018/01/31,349370.73,15,37
5900,Inventory Adjustments,Expense,Direct,2018/01/01,2018/01/31,46267.97,16,37
6100,Leased Space,Expense,Indirect,2018/01/01,2018/01/31,13400.00,17,37
7100,Sales Expenses,Expense,Indirect,2018/01/01,2018/01/31,598923.56,18,37
7200,Marketing Expenses,Expense,Indirect,2018/01/01,2018/01/31,292040.45,19,37
7500,G&A Expenses,Expense,Indirect,2018/01/01,2018/01/31,224717.81,20,37
1100,Cash,Asset,Current,2018/02/01,2018/02/28,11167338.61,1,38
1200,Accounts Receivable,Asset,Current,2018/02/01,2018/02/28,2704522.74,2,38
1300,Inventory,Asset,Current,2018/02/01,2018/02/28,3053628.11,3,38
1400,Prepaid Expenses,Asset,Fixed,2018/02/01,2018/02/28,78058.21,4,38
1500,Fixtures and Equipment,Asset,Fixed,2018/02/01,2018/02/28,350187.74,5,38
2100,Accounts Payable,Liability,Current,2018/02/01,2018/02/28,3612619.38,6,38
2700,L/T Debt,Liability,LongTerm,2018/02/01,2018/02/28,587736.13,7,38
3500,Capital,Liability,Capital,2018/02/01,2018/02/28,13153379.90,8,38
4100,Direct Sales,Revenue,Sales,2018/02/01,2018/02/28,2520647.71,9,38
4200,eCommerce Sales,Revenue,Sales,2018/02/01,2018/02/28,3964641.68,10,38
4900,Returns,Revenue,Returns,2018/02/01,2018/02/28,1069872.55,11,38
5100,Cost of Goods Sold,Expense,Direct,2018/02/01,2018/02/28,3568930.03,12,38
5200,Inbound Shipping,Expense,Direct,2018/02/01,2018/02/28,99698.82,13,38
5300,Warehouse and DC Costs,Expense,Direct,2018/02/01,2018/02/28,21336.07,14,38
5500,Outbound Shipping,Expense,Direct,2018/02/01,2018/02/28,315231.69,15,38
5900,Inventory Adjustments,Expense,Direct,2018/02/01,2018/02/28,42296.27,16,38
6100,Leased Space,Expense,Indirect,2018/02/01,2018/02/28,13400.00,17,38
7100,Sales Expenses,Expense,Indirect,2018/02/01,2018/02/28,617110.94,18,38
7200,Marketing Expenses,Expense,Indirect,2018/02/01,2018/02/28,302601.16,19,38
7500,G&A Expenses,Expense,Indirect,2018/02/01,2018/02/28,222287.05,20,38
1100,Cash,Asset,Current,2018/03/01,2018/03/31,13063988.64,1,39
1200,Accounts Receivable,Asset,Current,2018/03/01,2018/03/31,2572162.73,2,39
1300,Inventory,Asset,Current,2018/03/01,2018/03/31,3079245.83,3,39
1400,Prepaid Expenses,Asset,Fixed,2018/03/01,2018/03/31,71553.36,4,39
1500,Fixtures and Equipment,Asset,Fixed,2018/03/01,2018/03/31,350187.74,5,39
2100,Accounts Payable,Liability,Current,2018/03/01,2018/03/31,4637103.63,6,39
2700,L/T Debt,Liability,LongTerm,2018/03/01,2018/03/31,579573.13,7,39
3500,Capital,Liability,Capital,2018/03/01,2018/03/31,13920461.55,8,39
4100,Direct Sales,Revenue,Sales,2018/03/01,2018/03/31,2405821.33,9,39
4200,eCommerce Sales,Revenue,Sales,2018/03/01,2018/03/31,3954590.70,10,39
4900,Returns,Revenue,Returns,2018/03/01,2018/03/31,652575.11,11,39
5100,Cost of Goods Sold,Expense,Direct,2018/03/01,2018/03/31,3367384.94,12,39
5200,Inbound Shipping,Expense,Direct,2018/03/01,2018/03/31,89575.86,13,39
5300,Warehouse and DC Costs,Expense,Direct,2018/03/01,2018/03/31,19935.01,14,39
5500,Outbound Shipping,Expense,Direct,2018/03/01,2018/03/31,286592.72,15,39
5900,Inventory Adjustments,Expense,Direct,2018/03/01,2018/03/31,41164.95,16,39
6100,Leased Space,Expense,Indirect,2018/03/01,2018/03/31,13400.00,17,39
7100,Sales Expenses,Expense,Indirect,2018/03/01,2018/03/31,595313.83,18,39
7200,Marketing Expenses,Expense,Indirect,2018/03/01,2018/03/31,291242.17,19,39
7500,G&A Expenses,Expense,Indirect,2018/03/01,2018/03/31,236145.82,20,39
1100,Cash,Asset,Current,2018/04/01,2018/04/30,13685109.52,1,40
1200,Accounts Receivable,Asset,Current,2018/04/01,2018/04/30,2368637.38,2,40
1300,Inventory,Asset,Current,2018/04/01,2018/04/30,3198288.02,3,40
1400,Prepaid Expenses,Asset,Fixed,2018/04/01,2018/04/30,65590.58,4,40
1500,Fixtures and Equipment,Asset,Fixed,2018/04/01,2018/04/30,350187.74,5,40
2100,Accounts Payable,Liability,Current,2018/04/01,2018/04/30,4647318.64,6,40
2700,L/T Debt,Liability,LongTerm,2018/04/01,2018/04/30,571523.50,7,40
3500,Capital,Liability,Capital,2018/04/01,2018/04/30,14448971.09,8,40
4100,Direct Sales,Revenue,Sales,2018/04/01,2018/04/30,2072778.71,9,40
4200,eCommerce Sales,Revenue,Sales,2018/04/01,2018/04/30,3841461.72,10,40
4900,Returns,Revenue,Returns,2018/04/01,2018/04/30,629777.96,11,40
5100,Cost of Goods Sold,Expense,Direct,2018/04/01,2018/04/30,3200471.13,12,40
5200,Inbound Shipping,Expense,Direct,2018/04/01,2018/04/30,96371.81,13,40
5300,Warehouse and DC Costs,Expense,Direct,2018/04/01,2018/04/30,21516.75,14,40
5500,Outbound Shipping,Expense,Direct,2018/04/01,2018/04/30,274935.84,15,40
5900,Inventory Adjustments,Expense,Direct,2018/04/01,2018/04/30,47097.53,16,40
6100,Leased Space,Expense,Indirect,2018/04/01,2018/04/30,13400.00,17,40
7100,Sales Expenses,Expense,Indirect,2018/04/01,2018/04/30,576668.89,18,40
7200,Marketing Expenses,Expense,Indirect,2018/04/01,2018/04/30,305759.56,19,40
7500,G&A Expenses,Expense,Indirect,2018/04/01,2018/04/30,219731.42,20,40
1100,Cash,Asset,Current,2018/05/01,2018/05/31,14380936.35,1,41
1200,Accounts Receivable,Asset,Current,2018/05/01,2018/05/31,2334821.96,2,41
1300,Inventory,Asset,Current,2018/05/01,2018/05/31,3283170.85,3,41
1400,Prepaid Expenses,Asset,Fixed,2018/05/01,2018/05/31,60124.70,4,41
1500,Fixtures and Equipment,Asset,Fixed,2018/05/01,2018/05/31,350187.74,5,41
2100,Accounts Payable,Liability,Current,2018/05/01,2018/05/31,4711637.05,6,41
2700,L/T Debt,Liability,LongTerm,2018/05/01,2018/05/31,563585.67,7,41
3500,Capital,Liability,Capital,2018/05/01,2018/05/31,15134018.87,8,41
4100,Direct Sales,Revenue,Sales,2018/05/01,2018/05/31,2121966.46,9,41
4200,eCommerce Sales,Revenue,Sales,2018/05/01,2018/05/31,3786451.24,10,41
4900,Returns,Revenue,Returns,2018/05/01,2018/05/31,578327.94,11,41
5100,Cost of Goods Sold,Expense,Direct,2018/05/01,2018/05/31,3127596.97,12,41
5200,Inbound Shipping,Expense,Direct,2018/05/01,2018/05/31,91474.05,13,41
5300,Warehouse and DC Costs,Expense,Direct,2018/05/01,2018/05/31,25007.90,14,41
5500,Outbound Shipping,Expense,Direct,2018/05/01,2018/05/31,277408.99,15,41
5900,Inventory Adjustments,Expense,Direct,2018/05/01,2018/05/31,49080.47,16,41
6100,Leased Space,Expense,Indirect,2018/05/01,2018/05/31,13400.00,17,41
7100,Sales Expenses,Expense,Indirect,2018/05/01,2018/05/31,563626.41,18,41
7200,Marketing Expenses,Expense,Indirect,2018/05/01,2018/05/31,296012.63,19,41
7500,G&A Expenses,Expense,Indirect,2018/05/01,2018/05/31,201434.56,20,41
1100,Cash,Asset,Current,2018/06/01,2018/06/30,14980165.74,1,42
1200,Accounts Receivable,Asset,Current,2018/06/01,2018/06/30,2481411.68,2,42
1300,Inventory,Asset,Current,2018/06/01,2018/06/30,3163921.92,3,42
1400,Prepaid Expenses,Asset,Fixed,2018/06/01,2018/06/30,135160.70,4,42
1500,Fixtures and Equipment,Asset,Fixed,2018/06/01,2018/06/30,350187.74,5,42
2100,Accounts Payable,Liability,Current,2018/06/01,2018/06/30,4730121.52,6,42
2700,L/T Debt,Liability,LongTerm,2018/06/01,2018/06/30,555758.09,7,42
3500,Capital,Liability,Capital,2018/06/01,2018/06/30,15824968.17,8,42
4100,Direct Sales,Revenue,Sales,2018/06/01,2018/06/30,2158651.76,9,42
4200,eCommerce Sales,Revenue,Sales,2018/06/01,2018/06/30,3941730.95,10,42
4900,Returns,Revenue,Returns,2018/06/01,2018/06/30,602282.55,11,42
5100,Cost of Goods Sold,Expense,Direct,2018/06/01,2018/06/30,3272663.27,12,42
5200,Inbound Shipping,Expense,Direct,2018/06/01,2018/06/30,96435.53,13,42
5300,Warehouse and DC Costs,Expense,Direct,2018/06/01,2018/06/30,20422.95,14,42
5500,Outbound Shipping,Expense,Direct,2018/06/01,2018/06/30,287811.28,15,42
5900,Inventory Adjustments,Expense,Direct,2018/06/01,2018/06/30,43715.36,16,42
6100,Leased Space,Expense,Indirect,2018/06/01,2018/06/30,13400.00,17,42
7100,Sales Expenses,Expense,Indirect,2018/06/01,2018/06/30,592407.15,18,42
7200,Marketing Expenses,Expense,Indirect,2018/06/01,2018/06/30,284292.41,19,42
7500,G&A Expenses,Expense,Indirect,2018/06/01,2018/06/30,196002.91,20,42
1100,Cash,Asset,Current,2018/07/01,2018/07/31,15794977.16,1,43
1200,Accounts Receivable,Asset,Current,2018/07/01,2018/07/31,2573580.05,2,43
1300,Inventory,Asset,Current,2018/07/01,2018/07/31,3450482.10,3,43
1400,Prepaid Expenses,Asset,Fixed,2018/07/01,2018/07/31,123897.31,4,43
1500,Fixtures and Equipment,Asset,Fixed,2018/07/01,2018/07/31,354869.23,5,43
2100,Accounts Payable,Liability,Current,2018/07/01,2018/07/31,4989499.88,6,43
2700,L/T Debt,Liability,LongTerm,2018/07/01,2018/07/31,548039.23,7,43
3500,Capital,Liability,Capital,2018/07/01,2018/07/31,16760266.74,8,43
4100,Direct Sales,Revenue,Sales,2018/07/01,2018/07/31,2639951.88,9,43
4200,eCommerce Sales,Revenue,Sales,2018/07/01,2018/07/31,4022575.86,10,43
4900,Returns,Revenue,Returns,2018/07/01,2018/07/31,598596.01,11,43
5100,Cost of Goods Sold,Expense,Direct,2018/07/01,2018/07/31,3551516.66,12,43
5200,Inbound Shipping,Expense,Direct,2018/07/01,2018/07/31,97238.78,13,43
5300,Warehouse and DC Costs,Expense,Direct,2018/07/01,2018/07/31,23348.34,14,43
5500,Outbound Shipping,Expense,Direct,2018/07/01,2018/07/31,307731.69,15,43
5900,Inventory Adjustments,Expense,Direct,2018/07/01,2018/07/31,53025.57,16,43
6100,Leased Space,Expense,Indirect,2018/07/01,2018/07/31,13400.00,17,43
7100,Sales Expenses,Expense,Indirect,2018/07/01,2018/07/31,603690.38,18,43
7200,Marketing Expenses,Expense,Indirect,2018/07/01,2018/07/31,279390.99,19,43
7500,G&A Expenses,Expense,Indirect,2018/07/01,2018/07/31,199290.76,20,43
1100,Cash,Asset,Current,2018/08/01,2018/08/31,16590560.35,1,44
1200,Accounts Receivable,Asset,Current,2018/08/01,2018/08/31,2670625.79,2,44
1300,Inventory,Asset,Current,2018/08/01,2018/08/31,3750165.41,3,44
1400,Prepaid Expenses,Asset,Fixed,2018/08/01,2018/08/31,113572.54,4,44
1500,Fixtures and Equipment,Asset,Fixed,2018/08/01,2018/08/31,354869.23,5,44
2100,Accounts Payable,Liability,Current,2018/08/01,2018/08/31,5482960.31,6,44
2700,L/T Debt,Liability,LongTerm,2018/08/01,2018/08/31,540427.57,7,44
3500,Capital,Liability,Capital,2018/08/01,2018/08/31,17456405.42,8,44
4100,Direct Sales,Revenue,Sales,2018/08/01,2018/08/31,2565562.04,9,44
4200,eCommerce Sales,Revenue,Sales,2018/08/01,2018/08/31,4059326.29,10,44
4900,Returns,Revenue,Returns,2018/08/01,2018/08/31,678045.21,11,44
5100,Cost of Goods Sold,Expense,Direct,2018/08/01,2018/08/31,3616716.92,12,44
5200,Inbound Shipping,Expense,Direct,2018/08/01,2018/08/31,113165.95,13,44
5300,Warehouse and DC Costs,Expense,Direct,2018/08/01,2018/08/31,28811.70,14,44
5500,Outbound Shipping,Expense,Direct,2018/08/01,2018/08/31,345911.82,15,44
5900,Inventory Adjustments,Expense,Direct,2018/08/01,2018/08/31,52370.90,16,44
6100,Leased Space,Expense,Indirect,2018/08/01,2018/08/31,13400.00,17,44
7100,Sales Expenses,Expense,Indirect,2018/08/01,2018/08/31,615677.70,18,44
7200,Marketing Expenses,Expense,Indirect,2018/08/01,2018/08/31,284563.04,19,44
7500,G&A Expenses,Expense,Indirect,2018/08/01,2018/08/31,180086.41,20,44
1100,Cash,Asset,Current,2018/09/01,2018/09/30,15730624.23,1,45
1200,Accounts Receivable,Asset,Current,2018/09/01,2018/09/30,2539464.12,2,45
1300,Inventory,Asset,Current,2018/09/01,2018/09/30,4276379.56,3,45
1400,Prepaid Expenses,Asset,Fixed,2018/09/01,2018/09/30,104108.16,4,45
1500,Fixtures and Equipment,Asset,Fixed,2018/09/01,2018/09/30,354869.23,5,45
2100,Accounts Payable,Liability,Current,2018/09/01,2018/09/30,4499743.22,6,45
2700,L/T Debt,Liability,LongTerm,2018/09/01,2018/09/30,532921.64,7,45
3500,Capital,Liability,Capital,2018/09/01,2018/09/30,17972780.43,8,45
4100,Direct Sales,Revenue,Sales,2018/09/01,2018/09/30,2137028.89,9,45
4200,eCommerce Sales,Revenue,Sales,2018/09/01,2018/09/30,4060246.85,10,45
4900,Returns,Revenue,Returns,2018/09/01,2018/09/30,675364.47,11,45
5100,Cost of Goods Sold,Expense,Direct,2018/09/01,2018/09/30,3444147.52,12,45
5200,Inbound Shipping,Expense,Direct,2018/09/01,2018/09/30,105131.79,13,45
5300,Warehouse and DC Costs,Expense,Direct,2018/09/01,2018/09/30,28172.91,14,45
5500,Outbound Shipping,Expense,Direct,2018/09/01,2018/09/30,317721.68,15,45
5900,Inventory Adjustments,Expense,Direct,2018/09/01,2018/09/30,63867.73,16,45
6100,Leased Space,Expense,Indirect,2018/09/01,2018/09/30,13400.00,17,45
7100,Sales Expenses,Expense,Indirect,2018/09/01,2018/09/30,566741.44,18,45
7200,Marketing Expenses,Expense,Indirect,2018/09/01,2018/09/30,277892.33,19,45
7500,G&A Expenses,Expense,Indirect,2018/09/01,2018/09/30,188460.86,20,45
1100,Cash,Asset,Current,2018/10/01,2018/10/31,17177433.37,1,46
1200,Accounts Receivable,Asset,Current,2018/10/01,2018/10/31,2649680.49,2,46
1300,Inventory,Asset,Current,2018/10/01,2018/10/31,5386854.91,3,46
1400,Prepaid Expenses,Asset,Fixed,2018/10/01,2018/10/31,95432.48,4,46
1500,Fixtures and Equipment,Asset,Fixed,2018/10/01,2018/10/31,360589.59,5,46
2100,Accounts Payable,Liability,Current,2018/10/01,2018/10/31,6211431.71,6,46
2700,L/T Debt,Liability,LongTerm,2018/10/01,2018/10/31,525519.95,7,46
3500,Capital,Liability,Capital,2018/10/01,2018/10/31,18933039.18,8,46
4100,Direct Sales,Revenue,Sales,2018/10/01,2018/10/31,2506183.65,9,46
4200,eCommerce Sales,Revenue,Sales,2018/10/01,2018/10/31,4431252.02,10,46
4900,Returns,Revenue,Returns,2018/10/01,2018/10/31,608728.37,11,46
5100,Cost of Goods Sold,Expense,Direct,2018/10/01,2018/10/31,3793286.53,12,46
5200,Inbound Shipping,Expense,Direct,2018/10/01,2018/10/31,106189.45,13,46
5300,Warehouse and DC Costs,Expense,Direct,2018/10/01,2018/10/31,36690.45,14,46
5500,Outbound Shipping,Expense,Direct,2018/10/01,2018/10/31,328903.42,15,46
5900,Inventory Adjustments,Expense,Direct,2018/10/01,2018/10/31,70600.33,16,46
6100,Leased Space,Expense,Indirect,2018/10/01,2018/10/31,13400.00,17,46
7100,Sales Expenses,Expense,Indirect,2018/10/01,2018/10/31,582445.58,18,46
7200,Marketing Expenses,Expense,Indirect,2018/10/01,2018/10/31,265686.16,19,46
7500,G&A Expenses,Expense,Indirect,2018/10/01,2018/10/31,171246.63,20,46
1100,Cash,Asset,Current,2018/11/01,2018/11/30,15959804.07,1,47
1200,Accounts Receivable,Asset,Current,2018/11/01,2018/11/30,3060263.64,2,47
1300,Inventory,Asset,Current,2018/11/01,2018/11/30,5821403.43,3,47
1400,Prepaid Expenses,Asset,Fixed,2018/11/01,2018/11/30,87479.77,4,47
1500,Fixtures and Equipment,Asset,Fixed,2018/11/01,2018/11/30,366421.14,5,47
2100,Accounts Payable,Liability,Current,2018/11/01,2018/11/30,4707929.35,6,47
2700,L/T Debt,Liability,LongTerm,2018/11/01,2018/11/30,518221.06,7,47
3500,Capital,Liability,Capital,2018/11/01,2018/11/30,20069221.65,8,47
4100,Direct Sales,Revenue,Sales,2018/11/01,2018/11/30,2588120.49,9,47
4200,eCommerce Sales,Revenue,Sales,2018/11/01,2018/11/30,5208686.81,10,47
4900,Returns,Revenue,Returns,2018/11/01,2018/11/30,700991.99,11,47
5100,Cost of Goods Sold,Expense,Direct,2018/11/01,2018/11/30,4273380.83,12,47
5200,Inbound Shipping,Expense,Direct,2018/11/01,2018/11/30,116152.49,13,47
5300,Warehouse and DC Costs,Expense,Direct,2018/11/01,2018/11/30,40261.23,14,47
5500,Outbound Shipping,Expense,Direct,2018/11/01,2018/11/30,378151.66,15,47
5900,Inventory Adjustments,Expense,Direct,2018/11/01,2018/11/30,83351.17,16,47
6100,Leased Space,Expense,Indirect,2018/11/01,2018/11/30,13400.00,17,47
7100,Sales Expenses,Expense,Indirect,2018/11/01,2018/11/30,624279.77,18,47
7200,Marketing Expenses,Expense,Indirect,2018/11/01,2018/11/30,258993.83,19,47
7500,G&A Expenses,Expense,Indirect,2018/11/01,2018/11/30,171661.88,20,47
1100,Cash,Asset,Current,2018/12/01,2018/12/31,18682527.63,1,48
1200,Accounts Receivable,Asset,Current,2018/12/01,2018/12/31,3783740.06,2,48
1300,Inventory,Asset,Current,2018/12/01,2018/12/31,3898338.69,3,48
1400,Prepaid Expenses,Asset,Fixed,2018/12/01,2018/12/31,218118.59,4,48
1500,Fixtures and Equipment,Asset,Fixed,2018/12/01,2018/12/31,366421.14,5,48
2100,Accounts Payable,Liability,Current,2018/12/01,2018/12/31,4377260.36,6,48
2700,L/T Debt,Liability,LongTerm,2018/12/01,2018/12/31,511023.54,7,48
3500,Capital,Liability,Capital,2018/12/01,2018/12/31,22060862.20,8,48
4100,Direct Sales,Revenue,Sales,2018/12/01,2018/12/31,3527685.03,9,48
4200,eCommerce Sales,Revenue,Sales,2018/12/01,2018/12/31,6798292.61,10,48
4900,Returns,Revenue,Returns,2018/12/01,2018/12/31,763460.76,11,48
5100,Cost of Goods Sold,Expense,Direct,2018/12/01,2018/12/31,5675002.20,12,48
5200,Inbound Shipping,Expense,Direct,2018/12/01,2018/12/31,162421.25,13,48
5300,Warehouse and DC Costs,Expense,Direct,2018/12/01,2018/12/31,28701.35,14,48
5500,Outbound Shipping,Expense,Direct,2018/12/01,2018/12/31,562668.70,15,48
5900,Inventory Adjustments,Expense,Direct,2018/12/01,2018/12/31,56828.16,16,48
6100,Leased Space,Expense,Indirect,2018/12/01,2018/12/31,13400.00,17,48
7100,Sales Expenses,Expense,Indirect,2018/12/01,2018/12/31,640342.09,18,48
7200,Marketing Expenses,Expense,Indirect,2018/12/01,2018/12/31,246617.04,19,48
7500,G&A Expenses,Expense,Indirect,2018/12/01,2018/12/31,184895.54,20,48
1100,Cash,Asset,Current,2019/01/01,2019/01/31,21103920.43,1,49
1200,Accounts Receivable,Asset,Current,2019/01/01,2019/01/31,3242356.72,2,49
1300,Inventory,Asset,Current,2019/01/01,2019/01/31,3631545.35,3,49
1400,Prepaid Expenses,Asset,Fixed,2019/01/01,2019/01/31,199942.04,4,49
1500,Fixtures and Equipment,Asset,Fixed,2019/01/01,2019/01/31,366421.14,5,49
2100,Accounts Payable,Liability,Current,2019/01/01,2019/01/31,5820662.97,6,49
2700,L/T Debt,Liability,LongTerm,2019/01/01,2019/01/31,503925.99,7,49
3500,Capital,Liability,Capital,2019/01/01,2019/01/31,22219596.72,8,49
4100,Direct Sales,Revenue,Sales,2019/01/01,2019/01/31,2550785.96,9,49
4200,eCommerce Sales,Revenue,Sales,2019/01/01,2019/01/31,4943344.21,10,49
4900,Returns,Revenue,Returns,2019/01/01,2019/01/31,1592726.58,11,49
5100,Cost of Goods Sold,Expense,Direct,2019/01/01,2019/01/31,4147235.32,12,49
5200,Inbound Shipping,Expense,Direct,2019/01/01,2019/01/31,113242.97,13,49
5300,Warehouse and DC Costs,Expense,Direct,2019/01/01,2019/01/31,26248.41,14,49
5500,Outbound Shipping,Expense,Direct,2019/01/01,2019/01/31,357918.77,15,49
5900,Inventory Adjustments,Expense,Direct,2019/01/01,2019/01/31,49671.54,16,49
6100,Leased Space,Expense,Indirect,2019/01/01,2019/01/31,13400.00,17,49
7100,Sales Expenses,Expense,Indirect,2019/01/01,2019/01/31,605187.87,18,49
7200,Marketing Expenses,Expense,Indirect,2019/01/01,2019/01/31,254226.99,19,49
7500,G&A Expenses,Expense,Indirect,2019/01/01,2019/01/31,175537.21,20,49
1100,Cash,Asset,Current,2019/02/01,2019/02/28,21509245.31,1,50
1200,Accounts Receivable,Asset,Current,2019/02/01,2019/02/28,2941575.96,2,50
1300,Inventory,Asset,Current,2019/02/01,2019/02/28,3581766.16,3,50
1400,Prepaid Expenses,Asset,Fixed,2019/02/01,2019/02/28,183280.20,4,50
1500,Fixtures and Equipment,Asset,Fixed,2019/02/01,2019/02/28,366421.14,5,50
2100,Accounts Payable,Liability,Current,2019/02/01,2019/02/28,5357662.86,6,50
2700,L/T Debt,Liability,LongTerm,2019/02/01,2019/02/28,496927.02,7,50
3500,Capital,Liability,Capital,2019/02/01,2019/02/28,22727698.89,8,50
4100,Direct Sales,Revenue,Sales,2019/02/01,2019/02/28,2451169.81,9,50
4200,eCommerce Sales,Revenue,Sales,2019/02/01,2019/02/28,4851719.25,10,50
4900,Returns,Revenue,Returns,2019/02/01,2019/02/28,1144343.81,11,50
5100,Cost of Goods Sold,Expense,Direct,2019/02/01,2019/02/28,4068026.34,12,50
5200,Inbound Shipping,Expense,Direct,2019/02/01,2019/02/28,110671.15,13,50
5300,Warehouse and DC Costs,Expense,Direct,2019/02/01,2019/02/28,24731.97,14,50
5500,Outbound Shipping,Expense,Direct,2019/02/01,2019/02/28,353472.59,15,50
5900,Inventory Adjustments,Expense,Direct,2019/02/01,2019/02/28,46927.65,16,50
6100,Leased Space,Expense,Indirect,2019/02/01,2019/02/28,13400.00,17,50
7100,Sales Expenses,Expense,Indirect,2019/02/01,2019/02/28,602519.81,18,50
7200,Marketing Expenses,Expense,Indirect,2019/02/01,2019/02/28,254980.59,19,50
7500,G&A Expenses,Expense,Indirect,2019/02/01,2019/02/28,175712.97,20,50
1100,Cash,Asset,Current,2019/03/01,2019/03/31,21918654.21,1,51
1200,Accounts Receivable,Asset,Current,2019/03/01,2019/03/31,2977498.97,2,51
1300,Inventory,Asset,Current,2019/03/01,2019/03/31,3552258.97,3,51
1400,Prepaid Expenses,Asset,Fixed,2019/03/01,2019/03/31,168006.85,4,51
1500,Fixtures and Equipment,Asset,Fixed,2019/03/01,2019/03/31,367848.32,5,51
2100,Accounts Payable,Liability,Current,2019/03/01,2019/03/31,4861005.03,6,51
2700,L/T Debt,Liability,LongTerm,2019/03/01,2019/03/31,490025.26,7,51
3500,Capital,Liability,Capital,2019/03/01,2019/03/31,23633237.03,8,51
4100,Direct Sales,Revenue,Sales,2019/03/01,2019/03/31,2383328.58,9,51
4200,eCommerce Sales,Revenue,Sales,2019/03/01,2019/03/31,5056570.06,10,51
4900,Returns,Revenue,Returns,2019/03/01,2019/03/31,736691.61,11,51
5100,Cost of Goods Sold,Expense,Direct,2019/03/01,2019/03/31,4196082.93,12,51
5200,Inbound Shipping,Expense,Direct,2019/03/01,2019/03/31,122465.32,13,51
5300,Warehouse and DC Costs,Expense,Direct,2019/03/01,2019/03/31,25887.61,14,51
5500,Outbound Shipping,Expense,Direct,2019/03/01,2019/03/31,370031.07,15,51
5900,Inventory Adjustments,Expense,Direct,2019/03/01,2019/03/31,52215.47,16,51
6100,Leased Space,Expense,Indirect,2019/03/01,2019/03/31,13400.00,17,51
7100,Sales Expenses,Expense,Indirect,2019/03/01,2019/03/31,604139.21,18,51
7200,Marketing Expenses,Expense,Indirect,2019/03/01,2019/03/31,250217.03,19,51
7500,G&A Expenses,Expense,Indirect,2019/03/01,2019/03/31,163230.25,20,51
1100,Cash,Asset,Current,2019/04/01,2019/04/30,23194818.51,1,52
1200,Accounts Receivable,Asset,Current,2019/04/01,2019/04/30,3036461.29,2,52
1300,Inventory,Asset,Current,2019/04/01,2019/04/30,3421453.89,3,52
1400,Prepaid Expenses,Asset,Fixed,2019/04/01,2019/04/30,154006.28,4,52
1500,Fixtures and Equipment,Asset,Fixed,2019/04/01,2019/04/30,375185.71,5,52
2100,Accounts Payable,Liability,Current,2019/04/01,2019/04/30,5053136.34,6,52
2700,L/T Debt,Liability,LongTerm,2019/04/01,2019/04/30,483219.35,7,52
3500,Capital,Liability,Capital,2019/04/01,2019/04/30,24645569.98,8,52
4100,Direct Sales,Revenue,Sales,2019/04/01,2019/04/30,2282244.55,9,52
4200,eCommerce Sales,Revenue,Sales,2019/04/01,2019/04/30,5260046.07,10,52
4900,Returns,Revenue,Returns,2019/04/01,2019/04/30,750904.85,11,52
5100,Cost of Goods Sold,Expense,Direct,2019/04/01,2019/04/30,4120123.24,12,52
5200,Inbound Shipping,Expense,Direct,2019/04/01,2019/04/30,128375.25,13,52
5300,Warehouse and DC Costs,Expense,Direct,2019/04/01,2019/04/30,25312.87,14,52
5500,Outbound Shipping,Expense,Direct,2019/04/01,2019/04/30,414515.53,15,52
5900,Inventory Adjustments,Expense,Direct,2019/04/01,2019/04/30,52267.50,16,52
6100,Leased Space,Expense,Indirect,2019/04/01,2019/04/30,13400.00,17,52
7100,Sales Expenses,Expense,Indirect,2019/04/01,2019/04/30,590336.31,18,52
7200,Marketing Expenses,Expense,Indirect,2019/04/01,2019/04/30,259412.74,19,52
7500,G&A Expenses,Expense,Indirect,2019/04/01,2019/04/30,175309.37,20,52
1100,Cash,Asset,Current,2019/05/01,2019/05/31,24739748.78,1,53
1200,Accounts Receivable,Asset,Current,2019/05/01,2019/05/31,2961749.87,2,53
1300,Inventory,Asset,Current,2019/05/01,2019/05/31,3297751.73,3,53
1400,Prepaid Expenses,Asset,Fixed,2019/05/01,2019/05/31,141172.43,4,53
1500,Fixtures and Equipment,Asset,Fixed,2019/05/01,2019/05/31,379511.54,5,53
2100,Accounts Payable,Liability,Current,2019/05/01,2019/05/31,5483802.49,6,53
2700,L/T Debt,Liability,LongTerm,2019/05/01,2019/05/31,476507.97,7,53
3500,Capital,Liability,Capital,2019/05/01,2019/05/31,25559623.88,8,53
4100,Direct Sales,Revenue,Sales,2019/05/01,2019/05/31,1849261.08,9,53
4200,eCommerce Sales,Revenue,Sales,2019/05/01,2019/05/31,5414565.93,10,53
4900,Returns,Revenue,Returns,2019/05/01,2019/05/31,754807.15,11,53
5100,Cost of Goods Sold,Expense,Direct,2019/05/01,2019/05/31,4040703.94,12,53
5200,Inbound Shipping,Expense,Direct,2019/05/01,2019/05/31,115495.56,13,53
5300,Warehouse and DC Costs,Expense,Direct,2019/05/01,2019/05/31,25256.59,14,53
5500,Outbound Shipping,Expense,Direct,2019/05/01,2019/05/31,337518.00,15,53
5900,Inventory Adjustments,Expense,Direct,2019/05/01,2019/05/31,49833.35,16,53
6100,Leased Space,Expense,Indirect,2019/05/01,2019/05/31,13400.00,17,53
7100,Sales Expenses,Expense,Indirect,2019/05/01,2019/05/31,586061.95,18,53
7200,Marketing Expenses,Expense,Indirect,2019/05/01,2019/05/31,266437.98,19,53
7500,G&A Expenses,Expense,Indirect,2019/05/01,2019/05/31,160258.59,20,53
1100,Cash,Asset,Current,2019/06/01,2019/06/30,25841626.12,1,54
1200,Accounts Receivable,Asset,Current,2019/06/01,2019/06/30,2865640.02,2,54
1300,Inventory,Asset,Current,2019/06/01,2019/06/30,3409972.66,3,54
1400,Prepaid Expenses,Asset,Fixed,2019/06/01,2019/06/30,371363.62,4,54
1500,Fixtures and Equipment,Asset,Fixed,2019/06/01,2019/06/30,379511.54,5,54
2100,Accounts Payable,Liability,Current,2019/06/01,2019/06/30,5854164.52,6,54
2700,L/T Debt,Liability,LongTerm,2019/06/01,2019/06/30,469889.81,7,54
3500,Capital,Liability,Capital,2019/06/01,2019/06/30,26544059.64,8,54
4100,Direct Sales,Revenue,Sales,2019/06/01,2019/06/30,1976294.97,9,54
4200,eCommerce Sales,Revenue,Sales,2019/06/01,2019/06/30,5279817.17,10,54
4900,Returns,Revenue,Returns,2019/06/01,2019/06/30,719412.17,11,54
5100,Cost of Goods Sold,Expense,Direct,2019/06/01,2019/06/30,3972079.90,12,54
5200,Inbound Shipping,Expense,Direct,2019/06/01,2019/06/30,117252.01,13,54
5300,Warehouse and DC Costs,Expense,Direct,2019/06/01,2019/06/30,22505.87,14,54
5500,Outbound Shipping,Expense,Direct,2019/06/01,2019/06/30,397975.61,15,54
5900,Inventory Adjustments,Expense,Direct,2019/06/01,2019/06/30,44493.53,16,54
6100,Leased Space,Expense,Indirect,2019/06/01,2019/06/30,13400.00,17,54
7100,Sales Expenses,Expense,Indirect,2019/06/01,2019/06/30,557014.36,18,54
7200,Marketing Expenses,Expense,Indirect,2019/06/01,2019/06/30,273826.52,19,54
7500,G&A Expenses,Expense,Indirect,2019/06/01,2019/06/30,153716.42,20,54
1100,Cash,Asset,Current,2019/07/01,2019/07/31,26963634.54,1,55
1200,Accounts Receivable,Asset,Current,2019/07/01,2019/07/31,3129003.37,2,55
1300,Inventory,Asset,Current,2019/07/01,2019/07/31,3568421.78,3,55
1400,Prepaid Expenses,Asset,Fixed,2019/07/01,2019/07/31,340416.65,4,55
1500,Fixtures and Equipment,Asset,Fixed,2019/07/01,2019/07/31,379511.54,5,55
2100,Accounts Payable,Liability,Current,2019/07/01,2019/07/31,6099691.34,6,55
2700,L/T Debt,Liability,LongTerm,2019/07/01,2019/07/31,463363.56,7,55
3500,Capital,Liability,Capital,2019/07/01,2019/07/31,27817932.98,8,55
4100,Direct Sales,Revenue,Sales,2019/07/01,2019/07/31,2367401.05,9,55
4200,eCommerce Sales,Revenue,Sales,2019/07/01,2019/07/31,5581071.10,10,55
4900,Returns,Revenue,Returns,2019/07/01,2019/07/31,731993.59,11,55
5100,Cost of Goods Sold,Expense,Direct,2019/07/01,2019/07/31,4304739.66,12,55
5200,Inbound Shipping,Expense,Direct,2019/07/01,2019/07/31,119980.75,13,55
5300,Warehouse and DC Costs,Expense,Direct,2019/07/01,2019/07/31,26030.39,14,55
5500,Outbound Shipping,Expense,Direct,2019/07/01,2019/07/31,376363.90,15,55
5900,Inventory Adjustments,Expense,Direct,2019/07/01,2019/07/31,51844.95,16,55
6100,Leased Space,Expense,Indirect,2019/07/01,2019/07/31,13400.00,17,55
7100,Sales Expenses,Expense,Indirect,2019/07/01,2019/07/31,613784.77,18,55
7200,Marketing Expenses,Expense,Indirect,2019/07/01,2019/07/31,277682.89,19,55
7500,G&A Expenses,Expense,Indirect,2019/07/01,2019/07/31,158777.92,20,55
1100,Cash,Asset,Current,2019/08/01,2019/08/31,27607100.36,1,56
1200,Accounts Receivable,Asset,Current,2019/08/01,2019/08/31,3214656.11,2,56
1300,Inventory,Asset,Current,2019/08/01,2019/08/31,3832846.84,3,56
1400,Prepaid Expenses,Asset,Fixed,2019/08/01,2019/08/31,312048.60,4,56
1500,Fixtures and Equipment,Asset,Fixed,2019/08/01,2019/08/31,381882.35,5,56
2100,Accounts Payable,Liability,Current,2019/08/01,2019/08/31,6110092.47,6,56
2700,L/T Debt,Liability,LongTerm,2019/08/01,2019/08/31,456927.95,7,56
3500,Capital,Liability,Capital,2019/08/01,2019/08/31,28781513.84,8,56
4100,Direct Sales,Revenue,Sales,2019/08/01,2019/08/31,2341759.02,9,56
4200,eCommerce Sales,Revenue,Sales,2019/08/01,2019/08/31,5663707.29,10,56
4900,Returns,Revenue,Returns,2019/08/01,2019/08/31,785926.79,11,56
5100,Cost of Goods Sold,Expense,Direct,2019/08/01,2019/08/31,4559332.16,12,56
5200,Inbound Shipping,Expense,Direct,2019/08/01,2019/08/31,138144.94,13,56
5300,Warehouse and DC Costs,Expense,Direct,2019/08/01,2019/08/31,26503.60,14,56
5500,Outbound Shipping,Expense,Direct,2019/08/01,2019/08/31,422978.07,15,56
5900,Inventory Adjustments,Expense,Direct,2019/08/01,2019/08/31,49387.80,16,56
6100,Leased Space,Expense,Indirect,2019/08/01,2019/08/31,13400.00,17,56
7100,Sales Expenses,Expense,Indirect,2019/08/01,2019/08/31,600096.83,18,56
7200,Marketing Expenses,Expense,Indirect,2019/08/01,2019/08/31,278310.38,19,56
7500,G&A Expenses,Expense,Indirect,2019/08/01,2019/08/31,167804.88,20,56
1100,Cash,Asset,Current,2019/09/01,2019/09/30,28789015.37,1,57
1200,Accounts Receivable,Asset,Current,2019/09/01,2019/09/30,3209049.23,2,57
1300,Inventory,Asset,Current,2019/09/01,2019/09/30,4609890.07,3,57
1400,Prepaid Expenses,Asset,Fixed,2019/09/01,2019/09/30,286044.55,4,57
1500,Fixtures and Equipment,Asset,Fixed,2019/09/01,2019/09/30,383752.09,5,57
2100,Accounts Payable,Liability,Current,2019/09/01,2019/09/30,7024318.92,6,57
2700,L/T Debt,Liability,LongTerm,2019/09/01,2019/09/30,450581.73,7,57
3500,Capital,Liability,Capital,2019/09/01,2019/09/30,29802850.67,8,57
4100,Direct Sales,Revenue,Sales,2019/09/01,2019/09/30,2258121.50,9,57
4200,eCommerce Sales,Revenue,Sales,2019/09/01,2019/09/30,5642008.89,10,57
4900,Returns,Revenue,Returns,2019/09/01,2019/09/30,809550.65,11,57
5100,Cost of Goods Sold,Expense,Direct,2019/09/01,2019/09/30,4362702.31,12,57
5200,Inbound Shipping,Expense,Direct,2019/09/01,2019/09/30,136724.83,13,57
5300,Warehouse and DC Costs,Expense,Direct,2019/09/01,2019/09/30,30554.81,14,57
5500,Outbound Shipping,Expense,Direct,2019/09/01,2019/09/30,427880.28,15,57
5900,Inventory Adjustments,Expense,Direct,2019/09/01,2019/09/30,71007.72,16,57
6100,Leased Space,Expense,Indirect,2019/09/01,2019/09/30,13400.00,17,57
7100,Sales Expenses,Expense,Indirect,2019/09/01,2019/09/30,585111.36,18,57
7200,Marketing Expenses,Expense,Indirect,2019/09/01,2019/09/30,280235.27,19,57
7500,G&A Expenses,Expense,Indirect,2019/09/01,2019/09/30,161626.33,20,57
1100,Cash,Asset,Current,2019/10/01,2019/10/31,29770078.01,1,58
1200,Accounts Receivable,Asset,Current,2019/10/01,2019/10/31,3364433.19,2,58
1300,Inventory,Asset,Current,2019/10/01,2019/10/31,5506500.62,3,58
1400,Prepaid Expenses,Asset,Fixed,2019/10/01,2019/10/31,262207.50,4,58
1500,Fixtures and Equipment,Asset,Fixed,2019/10/01,2019/10/31,383752.09,5,58
2100,Accounts Payable,Liability,Current,2019/10/01,2019/10/31,7855099.17,6,58
2700,L/T Debt,Liability,LongTerm,2019/10/01,2019/10/31,444323.65,7,58
3500,Capital,Liability,Capital,2019/10/01,2019/10/31,30987548.59,8,58
4100,Direct Sales,Revenue,Sales,2019/10/01,2019/10/31,2290980.38,9,58
4200,eCommerce Sales,Revenue,Sales,2019/10/01,2019/10/31,6154884.34,10,58
4900,Returns,Revenue,Returns,2019/10/01,2019/10/31,807430.63,11,58
5100,Cost of Goods Sold,Expense,Direct,2019/10/01,2019/10/31,4714174.58,12,58
5200,Inbound Shipping,Expense,Direct,2019/10/01,2019/10/31,121689.25,13,58
5300,Warehouse and DC Costs,Expense,Direct,2019/10/01,2019/10/31,39212.05,14,58
5500,Outbound Shipping,Expense,Direct,2019/10/01,2019/10/31,443997.34,15,58
5900,Inventory Adjustments,Expense,Direct,2019/10/01,2019/10/31,73700.49,16,58
6100,Leased Space,Expense,Indirect,2019/10/01,2019/10/31,13400.00,17,58
7100,Sales Expenses,Expense,Indirect,2019/10/01,2019/10/31,611475.51,18,58
7200,Marketing Expenses,Expense,Indirect,2019/10/01,2019/10/31,286546.34,19,58
7500,G&A Expenses,Expense,Indirect,2019/10/01,2019/10/31,149540.61,20,58
1100,Cash,Asset,Current,2019/11/01,2019/11/30,31427670.65,1,59
1200,Accounts Receivable,Asset,Current,2019/11/01,2019/11/30,3881677.20,2,59
1300,Inventory,Asset,Current,2019/11/01,2019/11/30,6079593.05,3,59
1400,Prepaid Expenses,Asset,Fixed,2019/11/01,2019/11/30,240356.88,4,59
1500,Fixtures and Equipment,Asset,Fixed,2019/11/01,2019/11/30,383752.09,5,59
2100,Accounts Payable,Liability,Current,2019/11/01,2019/11/30,8862072.71,6,59
2700,L/T Debt,Liability,LongTerm,2019/11/01,2019/11/30,438152.49,7,59
3500,Capital,Liability,Capital,2019/11/01,2019/11/30,32712824.67,8,59
4100,Direct Sales,Revenue,Sales,2019/11/01,2019/11/30,2948739.73,9,59
4200,eCommerce Sales,Revenue,Sales,2019/11/01,2019/11/30,7223717.76,10,59
4900,Returns,Revenue,Returns,2019/11/01,2019/11/30,856004.64,11,59
5100,Cost of Goods Sold,Expense,Direct,2019/11/01,2019/11/30,5756959.51,12,59
5200,Inbound Shipping,Expense,Direct,2019/11/01,2019/11/30,157077.68,13,59
5300,Warehouse and DC Costs,Expense,Direct,2019/11/01,2019/11/30,43235.33,14,59
5500,Outbound Shipping,Expense,Direct,2019/11/01,2019/11/30,495229.99,15,59
5900,Inventory Adjustments,Expense,Direct,2019/11/01,2019/11/30,81897.29,16,59
6100,Leased Space,Expense,Indirect,2019/11/01,2019/11/30,13400.00,17,59
7100,Sales Expenses,Expense,Indirect,2019/11/01,2019/11/30,601749.66,18,59
7200,Marketing Expenses,Expense,Indirect,2019/11/01,2019/11/30,296297.10,19,59
7500,G&A Expenses,Expense,Indirect,2019/11/01,2019/11/30,145330.22,20,59
1100,Cash,Asset,Current,2019/12/01,2019/12/31,31163356.08,1,60
1200,Accounts Receivable,Asset,Current,2019/12/01,2019/12/31,4975838.36,2,60
1300,Inventory,Asset,Current,2019/12/01,2019/12/31,4121907.43,3,60
1400,Prepaid Expenses,Asset,Fixed,2019/12/01,2019/12/31,456946.25,4,60
1500,Fixtures and Equipment,Asset,Fixed,2019/12/01,2019/12/31,390856.80,5,60
2100,Accounts Payable,Liability,Current,2019/12/01,2019/12/31,5410598.76,6,60
2700,L/T Debt,Liability,LongTerm,2019/12/01,2019/12/31,432067.04,7,60
3500,Capital,Liability,Capital,2019/12/01,2019/12/31,35266239.13,8,60
4100,Direct Sales,Revenue,Sales,2019/12/01,2019/12/31,3524889.20,9,60
4200,eCommerce Sales,Revenue,Sales,2019/12/01,2019/12/31,9392264.57,10,60
4900,Returns,Revenue,Returns,2019/12/01,2019/12/31,1026844.50,11,60
5100,Cost of Goods Sold,Expense,Direct,2019/12/01,2019/12/31,7368284.38,12,60
5200,Inbound Shipping,Expense,Direct,2019/12/01,2019/12/31,211755.76,13,60
5300,Warehouse and DC Costs,Expense,Direct,2019/12/01,2019/12/31,28706.66,14,60
5500,Outbound Shipping,Expense,Direct,2019/12/01,2019/12/31,593136.29,15,60
5900,Inventory Adjustments,Expense,Direct,2019/12/01,2019/12/31,54985.44,16,60
6100,Leased Space,Expense,Indirect,2019/12/01,2019/12/31,13400.00,17,60
7100,Sales Expenses,Expense,Indirect,2019/12/01,2019/12/31,631564.21,18,60
7200,Marketing Expenses,Expense,Indirect,2019/12/01,2019/12/31,301442.25,19,60
7500,G&A Expenses,Expense,Indirect,2019/12/01,2019/12/31,133619.82,20,60
